startTime,openPrice,highPrice,lowPrice,closePrice,volume,turnover
1585132560000,6500,6500,6500,6500,0.001,6.5
1585132620000,6500,6500,6500,6500,0,0
1585132680000,6500,6500,6500,6500,0,0
1585132740000,6500,6500,6500,6500,0,0
1585132800000,6500,6500,6500,6500,0,0
1585132860000,6500,6500,6500,6500,0,0
1585132920000,6500,6500,6500,6500,0,0
1585132980000,6500,6500,6500,6500,0,0
1585133040000,6500,6500,6500,6500,0.001,6.5
1585133100000,6500,6500,6500,6500,0,0
1585133160000,6500,6500,6500,6500,0,0
1585133220000,6500,6500,6500,6500,0,0
1585133280000,6500,6500,6500,6500,0,0
1585133340000,6500,6500,6500,6500,0,0
1585133400000,6500,6500,6500,6500,0,0
1585133460000,6500,6500,6500,6500,0,0
1585133520000,6500,6500,6500,6500,0,0
1585133580000,6500,6588,6500,6588,0.001,6.588
1585133640000,6588,6588,6588,6588,0,0
1585133700000,6588,6588,6588,6588,0,0
1585133760000,6588,6588,6588,6588,0,0
1585133820000,6588,6591.5,6588,6591.5,0.001,6.5915
1585133880000,6591.5,6591.5,6591.5,6591.5,0,0
1585133940000,6591.5,6591.5,6591.5,6591.5,0,0
1585134000000,6591.5,6591.5,6591.5,6591.5,0,0
1585134060000,6591.5,6591.5,6591.5,6591.5,0,0
1585134120000,6591.5,6603.5,6591.5,6603.5,0.001,6.6035
1585134180000,6603.5,6603.5,6603.5,6603.5,0,0
1585134240000,6603.5,6606.5,6603.5,6606.5,0.001,6.6065
1585134300000,6606.5,6608.5,6601.5,6608.5,0.002,13.217
1585134360000,6608.5,6608.5,6608.5,6608.5,0,0
1585134420000,6608.5,6617.5,6608.5,6617,0.009,59.553
1585134480000,6617,6622.5,6613.5,6614,0.175,1157.45
1585134540000,6614,6619.5,6606.5,6606.5,1.116,7372.854
1585134600000,6606.5,6606.5,6594.5,6594.5,3.888,25639.416
1585134660000,6594.5,6602,6586,6600.5,5.11,33728.555
1585134720000,6600.5,6601,6589,6590.5,9.986,65812.733
1585134780000,6590.5,6596.5,6590.5,6593,4.459,29398.187
1585134840000,6593,6593,6585.5,6590.5,13.056,86045.568
1585134900000,6590.5,6605,6588.5,6604,18.948,125132.592
1585134960000,6604,6609.5,6600.5,6602.5,8.985,59323.4625
1585135020000,6602.5,6608,6599,6599,3.994,26356.406
1585135080000,6599,6617,6599,6613.5,6.033,39899.2455
1585135140000,6613.5,6613.5,6604,6610,9.04,59754.4
1585135200000,6610,6610,6594.5,6599.5,12.514,82586.143
1585135260000,6599.5,6606.5,6599.5,6604.5,8.909,58839.4905
1585135320000,6604.5,6609,6601.5,6602.5,9.508,62776.57
1585135380000,6602.5,6610.5,6596.5,6606.5,9.279,61301.7135
1585135440000,6606.5,6615,6606.5,6613,6.309,41721.417
1585135500000,6613,6622.5,6613,6621.5,10.094,66837.421
1585135560000,6621.5,6628.5,6617,6618,10.584,70044.912
1585135620000,6618,6618,6607.5,6609.5,12.82,84733.79
1585135680000,6609.5,6609.5,6606,6608,4.521,29874.768
1585135740000,6608,6619,6608,6618,9.8,64856.4
1585135800000,6618,6618,6613,6616,4.519,29897.704
1585135860000,6616,6616.5,6599.5,6602,9.93,65557.86
1585135920000,6602,6606.5,6594,6594.5,7.206,47519.967
1585135980000,6594.5,6594.5,6583,6586,5.714,37632.404
1585136040000,6586,6586,6568.5,6576,4.934,32445.984
1585136100000,6576,6584,6573,6577.5,11.688,76877.82
1585136160000,6577.5,6577.5,6564,6564,5.904,38753.856
1585136220000,6564,6564,6539.5,6551.5,6.996,45834.294
1585136280000,6551.5,6557,6541,6553.5,18.767,122989.5345
1585136340000,6553.5,6553.5,6522.5,6522.5,6.045,39428.5125
1585136400000,6522.5,6522.5,6457.5,6482,7.514,48705.748
1585136460000,6482,6491,6468.5,6485,6.338,41101.93
1585136520000,6485,6487,6476,6477.5,7.047,45646.9425
1585136580000,6477.5,6505,6477.5,6502.5,13.779,89597.9475
1585136640000,6502.5,6510.5,6498.5,6499.5,4.322,28090.839
1585136700000,6499.5,6524,6498.5,6524,4.277,27903.148
1585136760000,6524,6524,6499,6504.5,5.667,36861.0015
1585136820000,6504.5,6504.5,6485.5,6487,16.496,107009.552
1585136880000,6487,6504.5,6486.5,6498.5,5.837,37931.7445
1585136940000,6498.5,6506.5,6496.5,6504.5,9.35,60817.075
1585137000000,6504.5,6504.5,6481.5,6482.5,6.667,43218.8275
1585137060000,6482.5,6502.5,6482.5,6502,13.005,84558.51
1585137120000,6502,6513,6502,6513,10.77,70145.01
1585137180000,6513,6513.5,6504.5,6504.5,8.082,52569.369
1585137240000,6504.5,6520.5,6503,6518,10.748,70055.464
1585137300000,6518,6525.5,6516.5,6517,6.588,42933.996
1585137360000,6517,6518,6514.5,6516.5,4.232,27577.828
1585137420000,6516.5,6527.5,6516,6525,7.678,50098.95
1585137480000,6525,6525,6496,6502.5,12.216,79434.54
1585137540000,6502.5,6513,6502.5,6511.5,17.416,113404.284
1585137600000,6511.5,6519,6504.5,6506.5,5.048,32844.812
1585137660000,6506.5,6511.5,6502,6511.5,5.362,34914.663
1585137720000,6511.5,6529.5,6511.5,6527.5,5.028,32820.27
1585137780000,6527.5,6531,6523,6525.5,9.252,60373.926
1585137840000,6525.5,6553,6525.5,6553,16.028,105031.484
1585137900000,6553,6553,6541,6549.5,6.155,40312.1725
1585137960000,6549.5,6554.5,6545,6548,10.602,69421.896
1585138020000,6548,6548,6534.5,6535.5,14.577,95267.9835
1585138080000,6535.5,6538.5,6533,6533.5,9.744,63662.424
1585138140000,6533.5,6553.5,6533.5,6548,8.637,56555.076
1585138200000,6548,6553.5,6546,6552,8.111,53143.272
1585138260000,6552,6552,6540,6543,5.952,38943.936
1585138320000,6543,6548,6535,6535,4.383,28642.905
1585138380000,6535,6536,6534.5,6535.5,12.032,78635.136
1585138440000,6535.5,6535.5,6521.5,6531.5,5.327,34793.3005
1585138500000,6531.5,6532.5,6520.5,6521.5,9.382,61184.713
1585138560000,6521.5,6529,6521.5,6528.5,4.666,30461.981
1585138620000,6528.5,6542,6526,6542,11.577,75736.734
1585138680000,6542,6551,6542,6547.5,5.661,37065.3975
1585138740000,6547.5,6550.5,6547,6550.5,7.591,49724.8455
1585138800000,6550.5,6559.5,6550.5,6556,2.804,18383.024
1585138860000,6556,6556,6551,6553,11.552,75700.256
1585138920000,6553,6553.5,6543,6543,9.205,60228.315
1585138980000,6543,6546,6543,6543.5,6.086,39823.741
1585139040000,6543.5,6552.5,6543.5,6549,8.39,54946.11
1585139100000,6549,6552.5,6546.5,6546.5,6.568,42997.412
1585139160000,6546.5,6547,6542.5,6542.5,7.106,46491.005
1585139220000,6542.5,6542.5,6531.5,6531.5,4.373,28562.2495
1585139280000,6531.5,6537.5,6531.5,6533,5.559,36316.947
1585139340000,6533,6533,6514.5,6519.5,10.961,71460.2395
1585139400000,6519.5,6519.5,6507,6511.5,10.342,67341.933
1585139460000,6511.5,6520.5,6509.5,6519.5,4.622,30133.129
1585139520000,6519.5,6531.5,6519.5,6520.5,6.025,39286.0125
1585139580000,6520.5,6531,6520,6530.5,13.54,88422.97
1585139640000,6530.5,6533.5,6525,6526,16.052,104755.352
1585139700000,6526,6531.5,6523.5,6531,13.622,88965.282
1585139760000,6531,6544.5,6531,6536.5,7.49,48958.385
1585139820000,6536.5,6542.5,6536.5,6539,7.719,50474.541
1585139880000,6539,6539,6532,6533,6.627,43294.191
1585139940000,6533,6538,6528.5,6538,10.941,71532.258
1585140000000,6538,6547.5,6538,6547,15.821,103580.087
1585140060000,6547,6548,6546,6548,1.713,11216.724
1585140120000,6548,6552.5,6548,6552.5,9.28,60807.2
1585140180000,6552.5,6552.5,6547.5,6550,10.928,71578.4
1585140240000,6550,6550,6548.5,6548.5,5.036,32978.246
1585140300000,6548.5,6551.5,6547.5,6549,15.699,102812.751
1585140360000,6549,6549,6537.5,6537.5,17.203,112464.6125
1585140420000,6537.5,6539.5,6532.5,6534,2.646,17288.964
1585140480000,6534,6538.5,6534,6536.5,5.348,34957.202
1585140540000,6536.5,6537.5,6533.5,6536.5,10.099,66012.1135
1585140600000,6536.5,6552,6536.5,6552,11.793,77267.736
1585140660000,6552,6559.5,6551,6559.5,11.77,77205.315
1585140720000,6559.5,6580,6559.5,6578,10.562,69476.836
1585140780000,6578,6581,6572.5,6574.5,9.871,64896.8895
1585140840000,6574.5,6579,6570.5,6576,8.443,55521.168
1585140900000,6576,6576,6567.5,6569,7.901,51901.669
1585140960000,6569,6569.5,6561.5,6562,9.732,63861.384
1585141020000,6562,6576.5,6561.5,6570,15.271,100330.47
1585141080000,6570,6577,6570,6577,5.77,37949.29
1585141140000,6577,6588.5,6576.5,6583.5,9.733,64077.2055
1585141200000,6583.5,6590.5,6583.5,6590,5.383,35473.97
1585141260000,6590,6590.5,6577,6579.5,6.482,42648.319
1585141320000,6579.5,6583.5,6576,6580.5,11.989,78893.6145
1585141380000,6580.5,6581,6566.5,6566.5,10.828,71102.062
1585141440000,6566.5,6571,6565.5,6565.5,10.101,66318.1155
1585141500000,6565.5,6578.5,6564,6578.5,12.555,82593.0675
1585141560000,6578.5,6578.5,6572.5,6572.5,9.397,61761.7825
1585141620000,6572.5,6585.5,6572.5,6585.5,12.429,81851.1795
1585141680000,6585.5,6585.5,6571,6578.5,7.547,49647.9395
1585141740000,6578.5,6584,6573,6584,6.292,41426.528
1585141800000,6584,6584.5,6580.5,6584.5,5.141,33850.9145
1585141860000,6584.5,6584.5,6579,6584.5,12.315,81088.1175
1585141920000,6584.5,6609.5,6584.5,6609.5,5.569,36808.3055
1585141980000,6609.5,6609.5,6602,6608.5,10.074,66574.029
1585142040000,6608.5,6611.5,6602.5,6611.5,10.721,70881.8915
1585142100000,6611.5,6618.5,6611.5,6614.5,8.074,53405.473
1585142160000,6614.5,6614.5,6593.5,6594.5,12.614,83183.023
1585142220000,6594.5,6602,6594.5,6602,8.036,53053.672
1585142280000,6602,6602.5,6595.5,6601,10.632,70181.832
1585142340000,6601,6609,6601,6604,4.499,29711.396
1585142400000,6604,6604,6594,6597.5,9.646,63639.485
1585142460000,6597.5,6597.5,6589.5,6593,4.84,31910.12
1585142520000,6593,6593,6581,6584.5,13.865,91294.0925
1585142580000,6584.5,6584.5,6580,6580.5,4.932,32455.026
1585142640000,6580.5,6586.5,6579.5,6581.5,9.374,61694.981
1585142700000,6581.5,6586,6579.5,6582,8.807,57967.674
1585142760000,6582,6586.5,6577.5,6581.5,7.607,50065.4705
1585142820000,6581.5,6601.5,6581.5,6601,6.788,44807.588
1585142880000,6601,6607.5,6600,6607,12.91,85296.37
1585142940000,6607,6607,6598,6598,2.154,14212.092
1585143000000,6598,6598.5,6562,6563,5.02,32946.26
1585143060000,6563,6575.5,6563,6574,8.074,53078.476
1585143120000,6574,6574,6574,6574,0,0
1585143180000,6574,6574,6574,6574,0,0
1585143240000,6574,6574,6574,6574,0,0
1585143300000,6574,6574,6574,6574,0,0
1585143360000,6574,6574,6574,6574,0,0
1585143420000,6574,6574,6574,6574,0,0
1585143480000,6574,6574,6574,6574,0,0
1585143540000,6574,6574,6574,6574,0,0
1585143600000,6574,6574,6574,6574,0,0
1585143660000,6574,6739,6574,6729,8.875,59719.875
1585143720000,6729,6745.5,6729,6739,4.704,31700.256
1585143780000,6739,6739,6715.5,6721,10.018,67330.978
1585143840000,6721,6721,6695,6697,12.722,85199.234
1585143900000,6697,6706,6691,6693.5,4.907,32845.0045
1585143960000,6693.5,6699,6690.5,6692.5,9.356,62615.03
1585144020000,6692.5,6692.5,6670.5,6684,10.203,68196.852
1585144080000,6684,6689,6679.5,6682,6.51,43499.82
1585144140000,6682,6699.5,6679.5,6697,10.326,69153.222
1585144200000,6697,6697,6685,6693,6.305,42199.365
1585144260000,6693,6693,6663.5,6663.5,12.086,80535.061
1585144320000,6663.5,6663.5,6635,6641,11.144,74007.304
1585144380000,6641,6644,6623.5,6623.5,9.505,62956.3675
1585144440000,6623.5,6627,6616.5,6627,13.437,89046.999
1585144500000,6627,6629,6593.5,6594,6.182,40764.108
1585144560000,6594,6626.5,6594,6625.5,6.136,40654.068
1585144620000,6625.5,6627,6618.5,6625.5,9.376,62120.688
1585144680000,6625.5,6625.5,6607,6607,8.884,58696.588
1585144740000,6607,6607,6573.5,6585,13.791,90813.735
1585144800000,6585,6585.5,6566.5,6578,5.225,34370.05
1585144860000,6578,6586.5,6548.5,6586,4.641,30565.626
1585144920000,6586,6591,6557,6560.5,4.708,30886.834
1585144980000,6560.5,6560.5,6542,6542,6.555,42882.81
1585145040000,6542,6547,6516,6542,6.165,40331.43
1585145100000,6542,6553.5,6542,6547,5.141,33658.127
1585145160000,6547,6580.5,6547,6579,10.581,69612.399
1585145220000,6579,6579,6561,6562,17.746,116449.252
1585145280000,6562,6569.5,6553.5,6568.5,7.648,50235.888
1585145340000,6568.5,6576,6568.5,6574,7.701,50626.374
1585145400000,6574,6597.5,6574,6575.5,5.388,35428.794
1585145460000,6575.5,6575.5,6554.5,6556,8.369,54867.164
1585145520000,6556,6573.5,6556,6557.5,10.341,67811.1075
1585145580000,6557.5,6568,6557.5,6562.5,6.024,39532.5
1585145640000,6562.5,6564.5,6555,6560.5,17.072,112000.856
1585145700000,6560.5,6595.5,6560.5,6595.5,11.095,73177.0725
1585145760000,6595.5,6603,6590.5,6603,6.242,41215.926
1585145820000,6603,6610,6596,6602,11.971,79032.542
1585145880000,6602,6603.5,6586.5,6591,6.61,43566.51
1585145940000,6591,6591,6586,6587,9.453,62266.911
1585146000000,6587,6601,6587,6601,8.081,53342.681
1585146060000,6601,6601,6585.5,6585.5,2.598,17109.129
1585146120000,6585.5,6604.5,6585.5,6604.5,4.214,27831.363
1585146180000,6604.5,6604.5,6604.5,6604.5,17.928,118405.476
1585146240000,6604.5,6604.5,6594,6594,4.72,31123.68
1585146300000,6594,6594,6586,6586,8.961,59017.146
1585146360000,6586,6586,6585.5,6586,4.265,28089.29
1585146420000,6586,6593.5,6585.5,6587.5,6.73,44333.875
1585146480000,6587.5,6597.5,6585.5,6597.5,6.83,45060.925
1585146540000,6597.5,6598.5,6590.5,6591,7.384,48667.944
1585146600000,6591,6604.5,6591,6604.5,5.804,38332.518
1585146660000,6604.5,6604.5,6604.5,6604.5,0,0
1585146720000,6604.5,6604.5,6604.5,6604.5,0,0
1585146780000,6604.5,6604.5,6604.5,6604.5,0,0
1585146840000,6604.5,6632,6604.5,6629,0.018,119.322
1585146900000,6629,6629,6628,6628,0.01,66.28
1585146960000,6628,6629,6625.5,6625.5,0.151,1000.4505
1585147020000,6625.5,6625.5,6625.5,6625.5,0,0
1585147080000,6625.5,6632.5,6625.5,6632.5,1,6632.5
1585147140000,6632.5,6633,6630,6633,1.045,6931.485
1585147200000,6633,6636,6633,6636,1,6636
1585147260000,6636,6639,6636,6639,1.002,6652.278
1585147320000,6639,6640,6637,6637,0.101,670.337
1585147380000,6637,6637,6630,6630,0.099,656.37
1585147440000,6630,6630,6598.5,6598.5,0.11,725.835
1585147500000,6598.5,6598.5,6593,6593,0.577,3804.161
1585147560000,6593,6593,6593,6593,0,0
1585147620000,6593,6600,6593,6600,0.1,660
1585147680000,6600,6600,6580,6580,0.158,1039.64
1585147740000,6580,6583.5,6580,6583.5,0.001,6.5835
1585147800000,6583.5,6583.5,6581.5,6581.5,0.001,6.5815
1585147860000,6581.5,6581.5,6581.5,6581.5,0,0
1585147920000,6581.5,6581.5,6581.5,6581.5,0,0
1585147980000,6581.5,6604,6581.5,6604,0.087,574.548
1585148040000,6604,6604,6604,6604,0,0
1585148100000,6604,6604,6590,6590,7.18,47316.2
1585148160000,6590,6590,6590,6590,0,0
1585148220000,6590,6590,6590,6590,0,0
1585148280000,6590,6590,6590,6590,0,0
1585148340000,6590,6590,6590,6590,0,0
1585148400000,6590,6590,6590,6590,0,0
1585148460000,6590,6590,6590,6590,0,0
1585148520000,6590,6625.5,6590,6625.5,6.961,46120.1055
1585148580000,6625.5,6625.5,6612,6620,0.088,582.56
1585148640000,6620,6620,6620,6620,0.036,238.32
1585148700000,6620,6626.5,6620,6626.5,0.101,669.2765
1585148760000,6626.5,6626.5,6626.5,6626.5,0,0
1585148820000,6626.5,6635,6626.5,6632,0.504,3342.528
1585148880000,6632,6649.5,6632,6649.5,2.007,13345.5465
1585148940000,6649.5,6656.5,6649.5,6655.5,1.579,10509.0345
1585149000000,6655.5,6662,6644.5,6645,0.034,225.93
1585149060000,6645,6648,6637.5,6637.5,0.06,398.25
1585149120000,6637.5,6637.5,6637.5,6637.5,0,0
1585149180000,6637.5,6637.5,6637.5,6637.5,0,0
1585149240000,6637.5,6637.5,6632,6632,0.001,6.632
1585149300000,6632,6635,6619.5,6619.5,0.034,225.063
1585149360000,6619.5,6626,6618.5,6626,0.134,887.884
1585149420000,6626,6626,6622.5,6623.5,0.005,33.1175
1585149480000,6623.5,6630,6623.5,6628,0.003,19.884
1585149540000,6628,6632,6628,6632,0.001,6.632
1585149600000,6632,6632,6632,6632,0,0
1585149660000,6632,6632,6632,6632,0.006,39.792
1585149720000,6632,6642,6632,6642,0.501,3327.642
1585149780000,6642,6642,6642,6642,0,0
1585149840000,6642,6642,6642,6642,0,0
1585149900000,6642,6650,6642,6650,0.001,6.65
1585149960000,6650,6650,6650,6650,0.001,6.65
1585150020000,6650,6650,6650,6650,0,0
1585150080000,6650,6658.5,6650,6654.5,0.02,133.09
1585150140000,6654.5,6654.5,6641,6641,2.248,14928.968
1585150200000,6641,6641,6641,6641,0,0
1585150260000,6641,6641,6641,6641,0,0
1585150320000,6641,6651,6641,6651,0.056,372.456
1585150380000,6651,6651,6651,6651,0,0
1585150440000,6651,6651,6636,6636,0.412,2734.032
1585150500000,6636,6636,6636,6636,0,0
1585150560000,6636,6642,6636,6642,1,6642
1585150620000,6642,6642,6642,6642,0,0
1585150680000,6642,6642,6642,6642,0,0
1585150740000,6642,6642,6642,6642,0,0
1585150800000,6642,6642,6627.5,6627.5,0.096,636.24
1585150860000,6627.5,6627.5,6612,6613,0.121,800.173
1585150920000,6613,6614.5,6613,6613.5,0.112,740.712
1585150980000,6613.5,6613.5,6613.5,6613.5,0,0
1585151040000,6613.5,6613.5,6613,6613,0.1,661.3
1585151100000,6613,6614,6613,6614,0.001,6.614
1585151160000,6614,6624.5,6614,6624.5,0.015,99.3675
1585151220000,6624.5,6624.5,6619.5,6619.5,0.001,6.6195
1585151280000,6619.5,6632,6619.5,6632,0.04,265.28
1585151340000,6632,6632,6632,6632,0,0
1585151400000,6632,6632,6619.5,6619.5,0.007,46.3365
1585151460000,6619.5,6619.5,6611,6611,1.029,6802.719
1585151520000,6611,6611,6603,6603,1.139,7520.817
1585151580000,6603,6603,6603,6603,0,0
1585151640000,6603,6603,6599,6599,1,6599
1585151700000,6599,6600,6599,6600,0.164,1082.4
1585151760000,6600,6610,6600,6605.5,0.004,26.422
1585151820000,6605.5,6605.5,6605.5,6605.5,0,0
1585151880000,6605.5,6610,6605.5,6610,1,6610
1585151940000,6610,6615,6610,6615,0.071,469.665
1585152000000,6615,6615,6615,6615,0,0
1585152060000,6615,6618.5,6615,6618.5,0.01,66.185
1585152120000,6618.5,6618.5,6618.5,6618.5,0,0
1585152180000,6618.5,6618.5,6618.5,6618.5,0,0
1585152240000,6618.5,6638,6618.5,6638,0.158,1048.804
1585152300000,6638,6638,6637,6637,0.1,663.7
1585152360000,6637,6637,6619,6619,0.003,19.857
1585152420000,6619,6619,6619,6619,0,0
1585152480000,6619,6619,6601.5,6601.5,0.003,19.8045
1585152540000,6601.5,6601.5,6601.5,6601.5,0,0
1585152600000,6601.5,6615,6601.5,6615,1.002,6628.23
1585152660000,6615,6615,6615,6615,0,0
1585152720000,6615,6615,6615,6615,0,0
1585152780000,6615,6626.5,6615,6626.5,0.001,6.6265
1585152840000,6626.5,6626.5,6626.5,6626.5,0,0
1585152900000,6626.5,6626.5,6626.5,6626.5,0,0
1585152960000,6626.5,6643,6626.5,6643,0.071,471.653
1585153020000,6643,6643,6643,6643,0,0
1585153080000,6643,6643,6636,6636,0.082,544.152
1585153140000,6636,6642,6636,6639,2.04,13543.56
1585153200000,6639,6639,6639,6639,0,0
1585153260000,6639,6639,6639,6639,0,0
1585153320000,6639,6639.5,6639,6639.5,2.182,14487.389
1585153380000,6639.5,6639.5,6639.5,6639.5,0,0
1585153440000,6639.5,6643,6639.5,6643,0.006,39.858
1585153500000,6643,6643,6643,6643,0,0
1585153560000,6643,6643,6643,6643,0,0
1585153620000,6643,6670,6643,6670,1.238,8257.46
1585153680000,6670,6689.5,6670,6681,0.008,53.448
1585153740000,6681,6691,6681,6691,0.135,903.285
1585153800000,6691,6691,6669.5,6669.5,0.001,6.6695
1585153860000,6669.5,6669.5,6650.5,6652,1.05,6984.6
1585153920000,6652,6658,6652,6658,0.002,13.316
1585153980000,6658,6666.5,6658,6666.5,0.002,13.333
1585154040000,6666.5,6666.5,6666.5,6666.5,0,0
1585154100000,6666.5,6676,6666.5,6675.5,1.05,7009.275
1585154160000,6675.5,6675.5,6655.5,6655.5,3.001,19973.1555
1585154220000,6655.5,6670,6655.5,6670,0.001,6.67
1585154280000,6670,6671,6670,6671,0.016,106.736
1585154340000,6671,6685,6671,6681.5,0.11,734.965
1585154400000,6681.5,6683,6677,6677,0.144,961.488
1585154460000,6677,6683.5,6677,6683.5,0.001,6.6835
1585154520000,6683.5,6683.5,6683.5,6683.5,0,0
1585154580000,6683.5,6683.5,6683.5,6683.5,0,0
1585154640000,6683.5,6686,6683.5,6686,0.082,548.252
1585154700000,6686,6695.5,6686,6695.5,0.1,669.55
1585154760000,6695.5,6695.5,6676,6680,1.912,12772.16
1585154820000,6680,6680,6676,6676,0.082,547.432
1585154880000,6676,6676,6675,6675,2.002,13363.35
1585154940000,6675,6678,6675,6678,1,6678
1585155000000,6678,6678,6678,6678,0,0
1585155060000,6678,6678,6669,6669,0.05,333.45
1585155120000,6669,6669,6669,6669,0,0
1585155180000,6669,6669,6669,6669,0,0
1585155240000,6669,6669,6669,6669,0,0
1585155300000,6669,6669,6669,6669,0,0
1585155360000,6669,6669,6669,6669,0,0
1585155420000,6669,6669,6669,6669,0,0
1585155480000,6669,6669,6669,6669,0,0
1585155540000,6669,6669,6664.5,6664.5,5.54,36921.33
1585155600000,6664.5,6666,6657.5,6659.5,6.416,42727.352
1585155660000,6659.5,6659.5,6651,6651,0.05,332.55
1585155720000,6651,6651,6651,6651,0,0
1585155780000,6651,6651,6651,6651,0,0
1585155840000,6651,6651,6651,6651,0,0
1585155900000,6651,6651,6651,6651,0,0
1585155960000,6651,6654,6651,6654,1.026,6827.004
1585156020000,6654,6654.5,6652.5,6654.5,1.019,6780.9355
1585156080000,6654.5,6668,6654.5,6668,0.012,80.016
1585156140000,6668,6668,6663,6663,0.001,6.663
1585156200000,6663,6675.5,6663,6675.5,0.199,1328.4245
1585156260000,6675.5,6675.5,6675.5,6675.5,0,0
1585156320000,6675.5,6677.5,6675,6677.5,1.707,11398.4925
1585156380000,6677.5,6677.5,6673,6673,0.075,500.475
1585156440000,6673,6673,6668,6668,0.002,13.336
1585156500000,6668,6668,6668,6668,0,0
1585156560000,6668,6668,6668,6668,0,0
1585156620000,6668,6668,6668,6668,0,0
1585156680000,6668,6668,6662.5,6662.5,2.052,13671.45
1585156740000,6662.5,6662.5,6660.5,6660.5,2.052,13667.346
1585156800000,6660.5,6660.5,6660.5,6660.5,0,0
1585156860000,6660.5,6660.5,6660.5,6660.5,0,0
1585156920000,6660.5,6660.5,6660.5,6660.5,0,0
1585156980000,6660.5,6660.5,6660.5,6660.5,0,0
1585157040000,6660.5,6660.5,6660.5,6660.5,0,0
1585157100000,6660.5,6660.5,6660.5,6660.5,0,0
1585157160000,6660.5,6660.5,6660.5,6660.5,0,0
1585157220000,6660.5,6660.5,6660.5,6660.5,0,0
1585157280000,6660.5,6660.5,6659,6659,0.001,6.659
1585157340000,6659,6659,6659,6659,0,0
1585157400000,6659,6659,6659,6659,0,0
1585157460000,6659,6659,6659,6659,0,0
1585157520000,6659,6659,6659,6659,0,0
1585157580000,6659,6659,6659,6659,0,0
1585157640000,6659,6659,6650,6650,0.009,59.85
1585157700000,6650,6650,6650,6650,0,0
1585157760000,6650,6650,6650,6650,0,0
1585157820000,6650,6653.5,6650,6653.5,1.026,6826.491
1585157880000,6653.5,6653.5,6653.5,6653.5,0,0
1585157940000,6653.5,6653.5,6653.5,6653.5,0,0
1585158000000,6653.5,6653.5,6638,6638,0.2,1327.6
1585158060000,6638,6638,6635.5,6636,0.184,1221.024
1585158120000,6636,6636,6636,6636,0,0
1585158180000,6636,6645,6636,6645,0.012,79.74
1585158240000,6645,6661.5,6645,6661.5,0.211,1405.5765
1585158300000,6661.5,6661.5,6661.5,6661.5,0,0
1585158360000,6661.5,6661.5,6661.5,6661.5,0,0
1585158420000,6661.5,6664,6661.5,6664,0.211,1406.104
1585158480000,6664,6664,6664,6664,0,0
1585158540000,6664,6664,6664,6664,0,0
1585158600000,6664,6664,6664,6664,0,0
1585158660000,6664,6664,6664,6664,0,0
1585158720000,6664,6664,6664,6664,0,0
1585158780000,6664,6664,6664,6664,0,0
1585158840000,6664,6664,6664,6664,0,0
1585158900000,6664,6664,6664,6664,0,0
1585158960000,6664,6664,6664,6664,0,0
1585159020000,6664,6664,6664,6664,0,0
1585159080000,6664,6664,6650,6650,0.058,385.7
1585159140000,6650,6650,6650,6650,0,0
1585159200000,6650,6650,6650,6650,0,0
1585159260000,6650,6650,6633,6633,0.931,6175.323
1585159320000,6633,6633,6633,6633,0,0
1585159380000,6633,6634,6633,6634,0.01,66.34
1585159440000,6634,6634,6608,6608,1.111,7341.488
1585159500000,6608,6608,6608,6608,0,0
1585159560000,6608,6608,6608,6608,0,0
1585159620000,6608,6608,6608,6608,0,0
1585159680000,6608,6608,6608,6608,0,0
1585159740000,6608,6608,6608,6608,0,0
1585159800000,6608,6608,6601,6601,0.028,184.828
1585159860000,6601,6611,6601,6611,0.931,6154.841
1585159920000,6611,6611,6611,6611,0,0
1585159980000,6611,6611,6611,6611,0,0
1585160040000,6611,6611,6611,6611,0,0
1585160100000,6611,6611,6611,6611,0,0
1585160160000,6611,6611,6611,6611,0,0
1585160220000,6611,6611,6611,6611,0,0
1585160280000,6611,6611,6611,6611,0,0
1585160340000,6611,6618.5,6611,6618.5,0.017,112.5145
1585160400000,6618.5,6621,6618.5,6621,0.004,26.484
1585160460000,6621,6621,6621,6621,0,0
1585160520000,6621,6621,6621,6621,0,0
1585160580000,6621,6621,6621,6621,0,0
1585160640000,6621,6621,6621,6621,0,0
1585160700000,6621,6621,6611,6611,0.001,6.611
1585160760000,6611,6611,6611,6611,0,0
1585160820000,6611,6611,6611,6611,0.011,72.721
1585160880000,6611,6611,6611,6611,0,0
1585160940000,6611,6611,6611,6611,0,0
1585161000000,6611,6614.5,6611,6614.5,0.002,13.229
1585161060000,6614.5,6614.5,6614.5,6614.5,0,0
1585161120000,6614.5,6614.5,6611,6611,0.25,1652.75
1585161180000,6611,6611,6592.5,6592.5,0.034,224.145
1585161240000,6592.5,6592.5,6592.5,6592.5,0,0
1585161300000,6592.5,6595,6592.5,6595,0.015,98.925
1585161360000,6595,6595,6595,6595,0,0
1585161420000,6595,6599,6595,6599,2.628,17342.172
1585161480000,6599,6603.5,6599,6603.5,1.264,8346.824
1585161540000,6603.5,6603.5,6603.5,6603.5,0,0
1585161600000,6603.5,6603.5,6603.5,6603.5,0,0
1585161660000,6603.5,6603.5,6603.5,6603.5,0,0
1585161720000,6603.5,6603.5,6603.5,6603.5,0,0
1585161780000,6603.5,6603.5,6603.5,6603.5,0,0
1585161840000,6603.5,6603.5,6603.5,6603.5,0,0
1585161900000,6603.5,6603.5,6603.5,6603.5,0,0
1585161960000,6603.5,6630,6603.5,6630,2,13260
1585162020000,6630,6630,6630,6630,0,0
1585162080000,6630,6630,6630,6630,0,0
1585162140000,6630,6630,6628,6628,2,13256
1585162200000,6628,6637.5,6628,6637.5,1.264,8389.8
1585162260000,6637.5,6639,6637.5,6639,1.026,6811.614
1585162320000,6639,6640.5,6639,6640.5,1.7,11288.85
1585162380000,6640.5,6649.5,6640.5,6647.5,0.018,119.655
1585162440000,6647.5,6647.5,6645,6647.5,1.043,6933.3425
1585162500000,6647.5,6647.5,6647.5,6647.5,0,0
1585162560000,6647.5,6647.5,6647.5,6647.5,0,0
1585162620000,6647.5,6647.5,6647.5,6647.5,0,0
1585162680000,6647.5,6647.5,6647.5,6647.5,0,0
1585162740000,6647.5,6652.5,6647.5,6652.5,1,6652.5
1585162800000,6652.5,6652.5,6652.5,6652.5,0,0
1585162860000,6652.5,6652.5,6640.5,6640.5,5.7,37850.85
1585162920000,6640.5,6640.5,6640.5,6640.5,0,0
1585162980000,6640.5,6640.5,6640.5,6640.5,0,0
1585163040000,6640.5,6640.5,6640.5,6640.5,0,0
1585163100000,6640.5,6671.5,6640.5,6662.5,1.473,9813.8625
1585163160000,6662.5,6662.5,6662.5,6662.5,0,0
1585163220000,6662.5,6662.5,6662.5,6662.5,0,0
1585163280000,6662.5,6662.5,6662.5,6662.5,0,0
1585163340000,6662.5,6662.5,6662.5,6662.5,0,0
1585163400000,6662.5,6662.5,6662.5,6662.5,0,0
1585163460000,6662.5,6662.5,6647.5,6647.5,1,6647.5
1585163520000,6647.5,6647.5,6647.5,6647.5,0,0
1585163580000,6647.5,6647.5,6647.5,6647.5,0,0
1585163640000,6647.5,6647.5,6647.5,6647.5,0,0
1585163700000,6647.5,6647.5,6647.5,6647.5,0,0
1585163760000,6647.5,6647.5,6647.5,6647.5,0,0
1585163820000,6647.5,6647.5,6647.5,6647.5,0,0
1585163880000,6647.5,6647.5,6647.5,6647.5,0,0
1585163940000,6647.5,6647.5,6647.5,6647.5,0,0
1585164000000,6647.5,6647.5,6647.5,6647.5,0,0
1585164060000,6647.5,6647.5,6647.5,6647.5,0,0
1585164120000,6647.5,6647.5,6647.5,6647.5,0,0
1585164180000,6647.5,6647.5,6647.5,6647.5,0,0
1585164240000,6647.5,6647.5,6645.5,6645.5,1,6645.5
1585164300000,6645.5,6645.5,6645.5,6645.5,0,0
1585164360000,6645.5,6645.5,6645.5,6645.5,0,0
1585164420000,6645.5,6645.5,6631.5,6631.5,0.5,3315.75
1585164480000,6631.5,6631.5,6631.5,6631.5,0,0
1585164540000,6631.5,6631.5,6631.5,6631.5,0,0
1585164600000,6631.5,6631.5,6631.5,6631.5,0,0
1585164660000,6631.5,6631.5,6631.5,6631.5,0,0
1585164720000,6631.5,6631.5,6631.5,6631.5,0,0
1585164780000,6631.5,6631.5,6631.5,6631.5,0,0
1585164840000,6631.5,6632,6631.5,6632,0.606,4018.992
1585164900000,6632,6632,6632,6632,0,0
1585164960000,6632,6632,6632,6632,0,0
1585165020000,6632,6632,6632,6632,0,0
1585165080000,6632,6632,6632,6632,0,0
1585165140000,6632,6632,6632,6632,0,0
1585165200000,6632,6632,6615,6615,0.005,33.075
1585165260000,6615,6615,6615,6615,0,0
1585165320000,6615,6615,6615,6615,0,0
1585165380000,6615,6615,6615,6615,0,0
1585165440000,6615,6615,6597.5,6599,0.027,178.173
1585165500000,6599,6599,6599,6599,0,0
1585165560000,6599,6617.5,6599,6617.5,0.01,66.175
1585165620000,6617.5,6617.5,6617.5,6617.5,0,0
1585165680000,6617.5,6622,6617.5,6622,0.513,3397.086
1585165740000,6622,6622,6622,6622,0,0
1585165800000,6622,6622,6622,6622,0,0
1585165860000,6622,6622,6622,6622,0,0
1585165920000,6622,6622,6622,6622,0,0
1585165980000,6622,6622,6622,6622,0,0
1585166040000,6622,6622,6622,6622,0,0
1585166100000,6622,6622,6622,6622,0,0
1585166160000,6622,6622,6622,6622,0,0
1585166220000,6622,6622,6622,6622,0,0
1585166280000,6622,6622,6622,6622,0,0
1585166340000,6622,6622,6622,6622,0,0
1585166400000,6622,6622,6622,6622,0,0
1585166460000,6622,6622,6622,6622,0,0
1585166520000,6622,6622,6595,6595,5,32975
1585166580000,6595,6595,6595,6595,0,0
1585166640000,6595,6595,6595,6595,0,0
1585166700000,6595,6595,6595,6595,0,0
1585166760000,6595,6595,6595,6595,0,0
1585166820000,6595,6595,6595,6595,0,0
1585166880000,6595,6600,6595,6600,5,33000
1585166940000,6600,6600,6600,6600,0,0
1585167000000,6600,6600,6596,6596,0.039,257.244
1585167060000,6596,6596,6596,6596,0,0
1585167120000,6596,6596,6596,6596,0,0
1585167180000,6596,6596,6596,6596,0,0
1585167240000,6596,6596,6596,6596,0,0
1585167300000,6596,6596,6596,6596,0,0
1585167360000,6596,6618,6596,6618,0.035,231.63
1585167420000,6618,6618,6618,6618,0.055,363.99
1585167480000,6618,6618,6618,6618,0,0
1585167540000,6618,6618,6618,6618,0,0
1585167600000,6618,6624,6618,6624,0.03,198.72
1585167660000,6624,6625.5,6624,6625.5,1,6625.5
1585167720000,6625.5,6625.5,6616.5,6616.5,0.039,258.0435
1585167780000,6616.5,6616.5,6616.5,6616.5,0,0
1585167840000,6616.5,6616.5,6616.5,6616.5,0,0
1585167900000,6616.5,6616.5,6616.5,6616.5,0,0
1585167960000,6616.5,6618,6614.5,6618,0.112,741.216
1585168020000,6618,6618,6618,6618,0,0
1585168080000,6618,6618,6618,6618,0,0
1585168140000,6618,6618,6618,6618,0,0
1585168200000,6618,6618,6618,6618,0,0
1585168260000,6618,6620,6618,6620,0.012,79.44
1585168320000,6620,6620,6620,6620,0.012,79.44
1585168380000,6620,6620,6620,6620,0,0
1585168440000,6620,6638,6620,6638,1.311,8702.418
1585168500000,6638,6638,6638,6638,0,0
1585168560000,6638,6638,6625.5,6625.5,0.221,1464.2355
1585168620000,6625.5,6625.5,6625.5,6625.5,0,0
1585168680000,6625.5,6625.5,6625.5,6625.5,0,0
1585168740000,6625.5,6625.5,6625.5,6625.5,0,0
1585168800000,6625.5,6625.5,6625.5,6625.5,0,0
1585168860000,6625.5,6625.5,6618,6618,0.297,1965.546
1585168920000,6618,6618,6618,6618,0,0
1585168980000,6618,6618,6618,6618,0,0
1585169040000,6618,6619.5,6618,6619,1.002,6632.238
1585169100000,6619,6619,6619,6619,0,0
1585169160000,6619,6619,6608.5,6609,0.689,4553.601
1585169220000,6609,6609,6603,6603,0.098,647.094
1585169280000,6603,6603,6598.5,6598.5,0.5,3299.25
1585169340000,6598.5,6608.5,6598.5,6608.5,0.092,607.982
1585169400000,6608.5,6608.5,6608.5,6608.5,0,0
1585169460000,6608.5,6608.5,6584.5,6584.5,0.36,2370.42
1585169520000,6584.5,6586.5,6584.5,6586.5,0.092,605.958
1585169580000,6586.5,6586.5,6573,6575,2.888,18988.6
1585169640000,6575,6586,6575,6586,0.102,671.772
1585169700000,6586,6586,6586,6586,0,0
1585169760000,6586,6586,6586,6586,0,0
1585169820000,6586,6586,6586,6586,0,0
1585169880000,6586,6586,6580,6580.5,0.828,5448.654
1585169940000,6580.5,6590,6580.5,6590,0.5,3295
1585170000000,6590,6590,6590,6590,0,0
1585170060000,6590,6590,6576,6576,0.5,3288
1585170120000,6576,6576,6568.5,6568.5,0.019,124.8015
1585170180000,6568.5,6573.5,6568.5,6573.5,0.5,3286.75
1585170240000,6573.5,6573.5,6573.5,6573.5,0,0
1585170300000,6573.5,6573.5,6562.5,6562.5,0.01,65.625
1585170360000,6562.5,6575,6562.5,6575,2,13150
1585170420000,6575,6575,6575,6575,0,0
1585170480000,6575,6582.5,6575,6581.5,0.099,651.5685
1585170540000,6581.5,6581.5,6579.5,6579.5,0.1,657.95
1585170600000,6579.5,6579.5,6579.5,6579.5,0,0
1585170660000,6579.5,6582.5,6579.5,6582.5,0.011,72.4075
1585170720000,6582.5,6583,6582.5,6583,0.01,65.83
1585170780000,6583,6594.5,6583,6594.5,2,13189
1585170840000,6594.5,6594.5,6594.5,6594.5,0,0
1585170900000,6594.5,6602,6594.5,6602,0.015,99.03
1585170960000,6602,6602,6597.5,6597.5,0.005,32.9875
1585171020000,6597.5,6597.5,6597.5,6597.5,0,0
1585171080000,6597.5,6597.5,6597.5,6597.5,0,0
1585171140000,6597.5,6597.5,6596,6596,0.1,659.6
1585171200000,6596,6596,6596,6596,0,0
1585171260000,6596,6596,6596,6596,0,0
1585171320000,6596,6596,6596,6596,0,0
1585171380000,6596,6596,6596,6596,0,0
1585171440000,6596,6596,6596,6596,0,0
1585171500000,6596,6596,6587.5,6587.5,0.51,3359.625
1585171560000,6587.5,6587.5,6576.5,6576.5,0.25,1644.125
1585171620000,6576.5,6576.5,6576.5,6576.5,0,0
1585171680000,6576.5,6576.5,6576.5,6576.5,0.082,539.273
1585171740000,6576.5,6576.5,6576.5,6576.5,0,0
1585171800000,6576.5,6592.5,6576.5,6592.5,0.1,659.25
1585171860000,6592.5,6594,6592.5,6594,0.5,3297
1585171920000,6594,6594,6593,6593,0.603,3975.579
1585171980000,6593,6593,6593,6593,0,0
1585172040000,6593,6593,6593,6593,0,0
1585172100000,6593,6593,6593,6593,0,0
1585172160000,6593,6593,6593,6593,0,0
1585172220000,6593,6593,6584.5,6584.5,0.603,3970.4535
1585172280000,6584.5,6584.5,6584.5,6584.5,0,0
1585172340000,6584.5,6584.5,6584.5,6584.5,0,0
1585172400000,6584.5,6584.5,6584.5,6584.5,0,0
1585172460000,6584.5,6584.5,6584.5,6584.5,0,0
1585172520000,6584.5,6584.5,6584.5,6584.5,0,0
1585172580000,6584.5,6584.5,6584.5,6584.5,0,0
1585172640000,6584.5,6584.5,6584.5,6584.5,0,0
1585172700000,6584.5,6584.5,6584.5,6584.5,0,0
1585172760000,6584.5,6584.5,6584.5,6584.5,0,0
1585172820000,6584.5,6584.5,6584.5,6584.5,0,0
1585172880000,6584.5,6584.5,6584.5,6584.5,0,0
1585172940000,6584.5,6584.5,6584.5,6584.5,0,0
1585173000000,6584.5,6584.5,6557.5,6557.5,0.63,4131.225
1585173060000,6557.5,6557.5,6556,6556,0.039,255.684
1585173120000,6556,6560,6556,6560,0.013,85.28
1585173180000,6560,6570,6560,6570,0.114,748.98
1585173240000,6570,6570,6570,6570,0,0
1585173300000,6570,6570,6570,6570,0,0
1585173360000,6570,6570,6570,6570,0,0
1585173420000,6570,6590.5,6570,6590.5,0.096,632.688
1585173480000,6590.5,6590.5,6588,6588,0.116,764.208
1585173540000,6588,6588,6588,6588,0,0
1585173600000,6588,6594,6588,6594,0.116,764.904
1585173660000,6594,6647.5,6594,6647.5,2.015,13394.7125
1585173720000,6647.5,6647.5,6640,6643.5,0.215,1428.3525
1585173780000,6643.5,6643.5,6634.5,6634.5,0.1,663.45
1585173840000,6634.5,6643.5,6632.5,6643.5,0.122,810.507
1585173900000,6643.5,6643.5,6640.5,6640.5,1.009,6700.2645
1585173960000,6640.5,6650,6640.5,6650,0.071,472.15
1585174020000,6650,6665.5,6650,6665.5,0.272,1813.016
1585174080000,6665.5,6665.5,6652,6652,0.256,1702.912
1585174140000,6652,6656,6652,6656,0.035,232.96
1585174200000,6656,6656,6656,6656,0,0
1585174260000,6656,6670,6656,6663.5,0.422,2811.997
1585174320000,6663.5,6663.5,6663.5,6663.5,0,0
1585174380000,6663.5,6663.5,6645,6645.5,0.217,1442.0735
1585174440000,6645.5,6645.5,6645.5,6645.5,0,0
1585174500000,6645.5,6645.5,6645.5,6645.5,0,0
1585174560000,6645.5,6664,6645.5,6661,0.33,2198.13
1585174620000,6661,6661.5,6661,6661.5,0.035,233.1525
1585174680000,6661.5,6661.5,6661.5,6661.5,0,0
1585174740000,6661.5,6661.5,6661.5,6661.5,0,0
1585174800000,6661.5,6661.5,6661.5,6661.5,0,0
1585174860000,6661.5,6661.5,6655,6655,0.053,352.715
1585174920000,6655,6655,6642,6642,0.035,232.47
1585174980000,6642,6642,6642,6642,0,0
1585175040000,6642,6642,6642,6642,0,0
1585175100000,6642,6642,6642,6642,0,0
1585175160000,6642,6642,6642,6642,0,0
1585175220000,6642,6642,6635,6635,1.1,7298.5
1585175280000,6635,6635,6635,6635,0,0
1585175340000,6635,6666.5,6635,6666.5,0.035,233.3275
1585175400000,6666.5,6686.5,6666,6686.5,0.128,855.872
1585175460000,6686.5,6692.5,6682,6682,0.831,5552.742
1585175520000,6682,6682,6682,6682,0,0
1585175580000,6682,6687,6682,6687,0.996,6660.252
1585175640000,6687,6687,6687,6687,0,0
1585175700000,6687,6687,6687,6687,0,0
1585175760000,6687,6687,6674,6680.5,0.057,380.7885
1585175820000,6680.5,6680.5,6680.5,6680.5,0,0
1585175880000,6680.5,6680.5,6680.5,6680.5,0,0
1585175940000,6680.5,6680.5,6665,6665,0.05,333.25
1585176000000,6665,6665,6665,6665,0,0
1585176060000,6665,6665,6665,6665,0,0
1585176120000,6665,6665,6665,6665,0,0
1585176180000,6665,6680,6665,6679.5,0.1,667.95
1585176240000,6679.5,6679.5,6679.5,6679.5,0,0
1585176300000,6679.5,6679.5,6671,6671,0.1,667.1
1585176360000,6671,6671,6671,6671,0,0
1585176420000,6671,6671,6671,6671,0,0
1585176480000,6671,6671,6655,6655,0.1,665.5
1585176540000,6655,6655,6655,6655,0,0
1585176600000,6655,6655,6655,6655,0,0
1585176660000,6655,6656,6653,6653,2.6,17297.8
1585176720000,6653,6653,6653,6653,0,0
1585176780000,6653,6653,6653,6653,0,0
1585176840000,6653,6653,6653,6653,0,0
1585176900000,6653,6677,6653,6677,0.025,166.925
1585176960000,6677,6677,6677,6677,0,0
1585177020000,6677,6677,6677,6677,0,0
1585177080000,6677,6692,6674,6692,0.861,5761.812
1585177140000,6692,6692,6681,6681,0.148,988.788
1585177200000,6681,6681,6681,6681,0,0
1585177260000,6681,6681,6681,6681,0,0
1585177320000,6681,6681,6681,6681,0,0
1585177380000,6681,6681,6681,6681,0,0
1585177440000,6681,6681,6677,6677,0.03,200.31
1585177500000,6677,6677,6674.5,6674.5,0.012,80.094
1585177560000,6674.5,6674.5,6666,6669.5,0.826,5509.007
1585177620000,6669.5,6669.5,6669.5,6669.5,0,0
1585177680000,6669.5,6669.5,6669.5,6669.5,0,0
1585177740000,6669.5,6669.5,6669.5,6669.5,0.5,3334.75
1585177800000,6669.5,6669.5,6669.5,6669.5,0,0
1585177860000,6669.5,6669.5,6669.5,6669.5,0,0
1585177920000,6669.5,6669.5,6669.5,6669.5,0,0
1585177980000,6669.5,6669.5,6654,6654,0.158,1051.332
1585178040000,6654,6654,6654,6654,0,0
1585178100000,6654,6654,6654,6654,0,0
1585178160000,6654,6661.5,6654,6661.5,0.3,1998.45
1585178220000,6661.5,6661.5,6661.5,6661.5,0,0
1585178280000,6661.5,6661.5,6661.5,6661.5,0,0
1585178340000,6661.5,6661.5,6661.5,6661.5,0,0
1585178400000,6661.5,6661.5,6661.5,6661.5,0,0
1585178460000,6661.5,6670,6661.5,6670,0.5,3335
1585178520000,6670,6670,6670,6670,0,0
1585178580000,6670,6670,6670,6670,0,0
1585178640000,6670,6670,6670,6670,0,0
1585178700000,6670,6670,6650,6650,0.1,665
1585178760000,6650,6650,6650,6650,0,0
1585178820000,6650,6650,6650,6650,0,0
1585178880000,6650,6651.5,6650,6651.5,0.001,6.6515
1585178940000,6651.5,6651.5,6651.5,6651.5,0,0
1585179000000,6651.5,6651.5,6651.5,6651.5,0,0
1585179060000,6651.5,6651.5,6651.5,6651.5,0,0
1585179120000,6651.5,6651.5,6651.5,6651.5,0,0
1585179180000,6651.5,6651.5,6651.5,6651.5,0,0
1585179240000,6651.5,6651.5,6651.5,6651.5,0,0
1585179300000,6651.5,6651.5,6651.5,6651.5,0,0
1585179360000,6651.5,6651.5,6651.5,6651.5,0,0
1585179420000,6651.5,6672,6651.5,6672,0.101,673.872
1585179480000,6672,6672,6672,6672,0,0
1585179540000,6672,6672,6672,6672,0,0
1585179600000,6672,6672,6672,6672,0,0
1585179660000,6672,6672,6672,6672,0,0
1585179720000,6672,6672,6672,6672,0,0
1585179780000,6672,6672,6672,6672,0,0
1585179840000,6672,6673,6671,6671,0.122,813.862
1585179900000,6671,6671,6671,6671,0,0
1585179960000,6671,6671,6671,6671,0,0
1585180020000,6671,6671,6671,6671,0,0
1585180080000,6671,6671,6671,6671,0,0
1585180140000,6671,6671,6671,6671,0,0
1585180200000,6671,6671,6671,6671,0,0
1585180260000,6671,6676.5,6671,6676.5,0.263,1755.9195
1585180320000,6676.5,6676.5,6676.5,6676.5,0,0
1585180380000,6676.5,6676.5,6676.5,6676.5,0,0
1585180440000,6676.5,6676.5,6676.5,6676.5,0,0
1585180500000,6676.5,6676.5,6676.5,6676.5,0,0
1585180560000,6676.5,6682,6676.5,6682,0.009,60.138
1585180620000,6682,6682,6682,6682,0,0
1585180680000,6682,6698.5,6682,6698.5,0.114,763.629
1585180740000,6698.5,6698.5,6698.5,6698.5,0,0
1585180800000,6698.5,6744,6698.5,6744,2.854,19247.376
1585180860000,6744,6744,6744,6744,0,0
1585180920000,6744,6744,6744,6744,0,0
1585180980000,6744,6744,6744,6744,0,0
1585181040000,6744,6744,6727,6727,0.047,316.169
1585181100000,6727,6728,6727,6728,0.056,376.768
1585181160000,6728,6728,6722.5,6722.5,0.01,67.225
1585181220000,6722.5,6722.5,6722.5,6722.5,0,0
1585181280000,6722.5,6722.5,6708,6709.5,0.774,5193.153
1585181340000,6709.5,6716.5,6709.5,6716,1.311,8804.676
1585181400000,6716,6716,6716,6716,0,0
1585181460000,6716,6724.5,6715.5,6724.5,0.772,5191.314
1585181520000,6724.5,6728.5,6720,6728.5,0.64,4306.24
1585181580000,6728.5,6728.5,6728.5,6728.5,0,0
1585181640000,6728.5,6732.5,6728.5,6732.5,0.052,350.09
1585181700000,6732.5,6732.5,6732.5,6732.5,0,0
1585181760000,6732.5,6732.5,6732.5,6732.5,0,0
1585181820000,6732.5,6732.5,6727,6727,0.2,1345.4
1585181880000,6727,6743.5,6727,6743.5,0.197,1328.4695
1585181940000,6743.5,6765,6743.5,6759,0.371,2507.589
1585182000000,6759,6759,6759,6759,0,0
1585182060000,6759,6759,6759,6759,0,0
1585182120000,6759,6760,6759,6760,0.5,3380
1585182180000,6760,6767,6760,6767,0.1,676.7
1585182240000,6767,6767,6767,6767,0,0
1585182300000,6767,6767,6760.5,6760.5,0.057,385.3485
1585182360000,6760.5,6760.5,6760.5,6760.5,0,0
1585182420000,6760.5,6762,6760.5,6762,0.5,3381
1585182480000,6762,6762,6762,6762,0,0
1585182540000,6762,6762,6742.5,6743,1.2,8091.6
1585182600000,6743,6743,6743,6743,0.5,3371.5
1585182660000,6743,6743,6721,6721,3.565,23960.365
1585182720000,6721,6721,6721,6721,0,0
1585182780000,6721,6736,6721,6736,0.28,1886.08
1585182840000,6736,6736,6736,6736,0,0
1585182900000,6736,6736,6715,6715,0.4,2686
1585182960000,6715,6723.5,6715,6723.5,0.04,268.94
1585183020000,6723.5,6723.5,6715,6715,5.02,33709.3
1585183080000,6715,6715,6715,6715,0,0
1585183140000,6715,6725,6715,6723.5,0.02,134.47
1585183200000,6723.5,6728,6719,6728,0.036,242.208
1585183260000,6728,6737.5,6728,6737.5,0.122,821.975
1585183320000,6737.5,6737.5,6730,6730,0.03,201.9
1585183380000,6730,6730,6726.5,6726.5,5,33632.5
1585183440000,6726.5,6733,6726.5,6731,0.02,134.62
1585183500000,6731,6731,6726.5,6726.5,0.02,134.53
1585183560000,6726.5,6734,6723.5,6734,1.082,7286.188
1585183620000,6734,6734,6721,6721,0.082,551.122
1585183680000,6721,6721,6721,6721,0,0
1585183740000,6721,6721,6721,6721,0.328,2204.488
1585183800000,6721,6721,6719,6719,0.672,4515.168
1585183860000,6719,6719,6719,6719,0,0
1585183920000,6719,6719,6719,6719,0,0
1585183980000,6719,6719,6719,6719,0,0
1585184040000,6719,6733,6719,6733,0.164,1104.212
1585184100000,6733,6738.5,6733,6738.5,0.168,1132.068
1585184160000,6738.5,6738.5,6738.5,6738.5,0,0
1585184220000,6738.5,6738.5,6738.5,6738.5,0,0
1585184280000,6738.5,6738.5,6738.5,6738.5,0,0
1585184340000,6738.5,6738.5,6738.5,6738.5,0,0
1585184400000,6738.5,6738.5,6738.5,6738.5,0,0
1585184460000,6738.5,6738.5,6738.5,6738.5,0,0
1585184520000,6738.5,6738.5,6738.5,6738.5,0,0
1585184580000,6738.5,6738.5,6738.5,6738.5,0,0
1585184640000,6738.5,6738.5,6729,6729,0.082,551.778
1585184700000,6729,6729,6727,6727,0.082,551.614
1585184760000,6727,6727,6727,6727,0.118,793.786
1585184820000,6727,6727,6716,6722,0.002,13.444
1585184880000,6722,6722,6714.5,6714.5,0.002,13.429
1585184940000,6714.5,6714.5,6712,6712,0.01,67.12
1585185000000,6712,6713,6701,6702.5,0.694,4651.535
1585185060000,6702.5,6715,6702.5,6715,0.082,550.63
1585185120000,6715,6715,6715,6715,0,0
1585185180000,6715,6715,6700.5,6701,10,67010
1585185240000,6701,6701,6701,6701,0,0
1585185300000,6701,6701,6690,6691.5,5.348,35786.142
1585185360000,6691.5,6691.5,6691.5,6691.5,0,0
1585185420000,6691.5,6691.5,6691.5,6691.5,0,0
1585185480000,6691.5,6706.5,6691.5,6692,5.405,36170.26
1585185540000,6692,6692,6692,6692,0,0
1585185600000,6692,6698.5,6692,6698.5,5,33492.5
1585185660000,6698.5,6698.5,6698.5,6698.5,0,0
1585185720000,6698.5,6698.5,6690,6690,0.245,1639.05
1585185780000,6690,6690,6675,6675,0.089,594.075
1585185840000,6675,6680,6675,6680,5.238,34989.84
1585185900000,6680,6682.5,6680,6682.5,10,66825
1585185960000,6682.5,6682.5,6675,6675,10.01,66816.75
1585186020000,6675,6689,6675,6689,0.018,120.402
1585186080000,6689,6689,6686,6686,1,6686
1585186140000,6686,6698,6686,6694,5.471,36622.874
1585186200000,6694,6694,6694,6694,0,0
1585186260000,6694,6707,6694,6707,0.036,241.452
1585186320000,6707,6707,6707,6707,0,0
1585186380000,6707,6707,6707,6707,0,0
1585186440000,6707,6707,6707,6707,0,0
1585186500000,6707,6707,6696.5,6696.5,20,133930
1585186560000,6696.5,6702,6696.5,6696.5,0.51,3415.215
1585186620000,6696.5,6705,6696.5,6705,0.03,201.15
1585186680000,6705,6705,6705,6705,0,0
1585186740000,6705,6706,6705,6706,0.5,3353
1585186800000,6706,6706,6702.5,6702.5,0.009,60.3225
1585186860000,6702.5,6707,6695.5,6707,0.352,2360.864
1585186920000,6707,6707,6707,6707,0,0
1585186980000,6707,6707,6707,6707,0,0
1585187040000,6707,6715,6707,6715,0.243,1631.745
1585187100000,6715,6715,6714.5,6714.5,0.082,550.589
1585187160000,6714.5,6714.5,6705.5,6705.5,0.077,516.3235
1585187220000,6705.5,6705.5,6705.5,6705.5,0,0
1585187280000,6705.5,6705.5,6705.5,6705.5,0,0
1585187340000,6705.5,6705.5,6705.5,6705.5,0,0
1585187400000,6705.5,6705.5,6705.5,6705.5,0,0
1585187460000,6705.5,6705.5,6705.5,6705.5,0,0
1585187520000,6705.5,6705.5,6690,6690,0.082,548.58
1585187580000,6690,6690,6690,6690,0,0
1585187640000,6690,6690,6690,6690,0,0
1585187700000,6690,6690,6690,6690,0,0
1585187760000,6690,6690,6690,6690,0,0
1585187820000,6690,6690,6688,6688,0.003,20.064
1585187880000,6688,6688,6688,6688,0,0
1585187940000,6688,6688,6688,6688,0,0
1585188000000,6688,6688,6688,6688,0,0
1585188060000,6688,6688,6688,6688,0,0
1585188120000,6688,6688,6688,6688,0,0
1585188180000,6688,6698,6688,6698,0.009,60.282
1585188240000,6698,6698,6698,6698,0,0
1585188300000,6698,6698,6698,6698,0,0
1585188360000,6698,6698,6698,6698,0,0
1585188420000,6698,6698,6682.5,6682.5,0.027,180.4275
1585188480000,6682.5,6682.5,6682.5,6682.5,0,0
1585188540000,6682.5,6682.5,6682.5,6682.5,0,0
1585188600000,6682.5,6682.5,6682.5,6682.5,0,0
1585188660000,6682.5,6682.5,6660.5,6660.5,0.009,59.9445
1585188720000,6660.5,6660.5,6660.5,6660.5,0,0
1585188780000,6660.5,6660.5,6660.5,6660.5,0,0
1585188840000,6660.5,6667,6660.5,6667,0.102,680.034
1585188900000,6667,6667,6663.5,6663.5,0.01,66.635
1585188960000,6663.5,6664.5,6663.5,6664.5,0.014,93.303
1585189020000,6664.5,6664.5,6664.5,6664.5,0,0
1585189080000,6664.5,6675.5,6664.5,6675.5,0.49,3270.995
1585189140000,6675.5,6675.5,6673,6673,0.082,547.186
1585189200000,6673,6673,6662,6662,0.044,293.128
1585189260000,6662,6662,6662,6662,0,0
1585189320000,6662,6679,6662,6679,0.494,3299.426
1585189380000,6679,6679,6677.5,6677.5,0.015,100.1625
1585189440000,6677.5,6677.5,6673,6673,0.015,100.095
1585189500000,6673,6673,6669,6669,0.092,613.548
1585189560000,6669,6669,6669,6669,0,0
1585189620000,6669,6669,6663,6663,0.124,826.212
1585189680000,6663,6663,6663,6663,0,0
1585189740000,6663,6663,6662,6662,0.783,5216.346
1585189800000,6662,6665.5,6655,6665,0.361,2406.065
1585189860000,6665,6665,6663,6663,0.044,293.172
1585189920000,6663,6668,6663,6668,0.4,2667.2
1585189980000,6668,6677.5,6668,6677.5,0.024,160.26
1585190040000,6677.5,6677.5,6677.5,6677.5,0,0
1585190100000,6677.5,6680,6677.5,6680,0.034,227.12
1585190160000,6680,6680,6680,6680,0,0
1585190220000,6680,6680,6680,6680,0,0
1585190280000,6680,6680,6680,6680,0,0
1585190340000,6680,6680,6680,6680,0,0
1585190400000,6680,6680,6680,6680,0,0
1585190460000,6680,6680,6680,6680,0,0
1585190520000,6680,6680,6680,6680,0,0
1585190580000,6680,6680,6680,6680,0,0
1585190640000,6680,6680,6680,6680,0,0
1585190700000,6680,6680,6680,6680,0,0
1585190760000,6680,6680,6680,6680,0,0
1585190820000,6680,6680,6680,6680,0,0
1585190880000,6680,6689,6680,6689,0.003,20.067
1585190940000,6689,6689,6689,6689,0,0
1585191000000,6689,6694,6689,6694,0.2,1338.8
1585191060000,6694,6694,6694,6694,0,0
1585191120000,6694,6694,6694,6694,0,0
1585191180000,6694,6694,6694,6694,0,0
1585191240000,6694,6694,6694,6694,0,0
1585191300000,6694,6694,6694,6694,0,0
1585191360000,6694,6694,6694,6694,0,0
1585191420000,6694,6694,6694,6694,0,0
1585191480000,6694,6694,6694,6694,0,0
1585191540000,6694,6694,6694,6694,0,0
1585191600000,6694,6694,6681,6681,0.02,133.62
1585191660000,6681,6681,6681,6681,0,0
1585191720000,6681,6681,6681,6681,0,0
1585191780000,6681,6681,6681,6681,0,0
1585191840000,6681,6681,6681,6681,0,0
1585191900000,6681,6681,6681,6681,0,0
1585191960000,6681,6681,6677,6678.5,1.192,7960.772
1585192020000,6678.5,6678.5,6678.5,6678.5,0,0
1585192080000,6678.5,6678.5,6678.5,6678.5,0,0
1585192140000,6678.5,6687.5,6678.5,6687.5,0.045,300.9375
1585192200000,6687.5,6687.5,6687.5,6687.5,0,0
1585192260000,6687.5,6687.5,6674,6674,0.001,6.674
1585192320000,6674,6675,6673,6673.5,6.723,44865.9405
1585192380000,6673.5,6673.5,6671.5,6671.5,12.466,83166.919
1585192440000,6671.5,6671.5,6667.5,6670,16.329,108914.43
1585192500000,6670,6673.5,6670,6673.5,15.559,103832.9865
1585134600000,6606.5,6606.5,6594.5,6594.5,3.888,25639.416
1585134660000,6594.5,6602,6586,6600.5,5.11,33728.555
1585134720000,6600.5,6601,6589,6590.5,9.986,65812.733
1585134780000,6590.5,6596.5,6590.5,6593,4.459,29398.187
1585134840000,6593,6593,6585.5,6590.5,13.056,86045.568
1585134900000,6590.5,6605,6588.5,6604,18.948,125132.592
1585134960000,6604,6609.5,6600.5,6602.5,8.985,59323.4625
1585135020000,6602.5,6608,6599,6599,3.994,26356.406
1585135080000,6599,6617,6599,6613.5,6.033,39899.2455
1585135140000,6613.5,6613.5,6604,6610,9.04,59754.4
1585135200000,6610,6610,6594.5,6599.5,12.514,82586.143
1585135260000,6599.5,6606.5,6599.5,6604.5,8.909,58839.4905
1585135320000,6604.5,6609,6601.5,6602.5,9.508,62776.57
1585135380000,6602.5,6610.5,6596.5,6606.5,9.279,61301.7135
1585135440000,6606.5,6615,6606.5,6613,6.309,41721.417
1585135500000,6613,6622.5,6613,6621.5,10.094,66837.421
1585135560000,6621.5,6628.5,6617,6618,10.584,70044.912
1585135620000,6618,6618,6607.5,6609.5,12.82,84733.79
1585135680000,6609.5,6609.5,6606,6608,4.521,29874.768
1585135740000,6608,6619,6608,6618,9.8,64856.4
1585135800000,6618,6618,6613,6616,4.519,29897.704
1585135860000,6616,6616.5,6599.5,6602,9.93,65557.86
1585135920000,6602,6606.5,6594,6594.5,7.206,47519.967
1585135980000,6594.5,6594.5,6583,6586,5.714,37632.404
1585136040000,6586,6586,6568.5,6576,4.934,32445.984
1585136100000,6576,6584,6573,6577.5,11.688,76877.82
1585136160000,6577.5,6577.5,6564,6564,5.904,38753.856
1585136220000,6564,6564,6539.5,6551.5,6.996,45834.294
1585136280000,6551.5,6557,6541,6553.5,18.767,122989.5345
1585136340000,6553.5,6553.5,6522.5,6522.5,6.045,39428.5125
1585136400000,6522.5,6522.5,6457.5,6482,7.514,48705.748
1585136460000,6482,6491,6468.5,6485,6.338,41101.93
1585136520000,6485,6487,6476,6477.5,7.047,45646.9425
1585136580000,6477.5,6505,6477.5,6502.5,13.779,89597.9475
1585136640000,6502.5,6510.5,6498.5,6499.5,4.322,28090.839
1585136700000,6499.5,6524,6498.5,6524,4.277,27903.148
1585136760000,6524,6524,6499,6504.5,5.667,36861.0015
1585136820000,6504.5,6504.5,6485.5,6487,16.496,107009.552
1585136880000,6487,6504.5,6486.5,6498.5,5.837,37931.7445
1585136940000,6498.5,6506.5,6496.5,6504.5,9.35,60817.075
1585137000000,6504.5,6504.5,6481.5,6482.5,6.667,43218.8275
1585137060000,6482.5,6502.5,6482.5,6502,13.005,84558.51
1585137120000,6502,6513,6502,6513,10.77,70145.01
1585137180000,6513,6513.5,6504.5,6504.5,8.082,52569.369
1585137240000,6504.5,6520.5,6503,6518,10.748,70055.464
1585137300000,6518,6525.5,6516.5,6517,6.588,42933.996
1585137360000,6517,6518,6514.5,6516.5,4.232,27577.828
1585137420000,6516.5,6527.5,6516,6525,7.678,50098.95
1585137480000,6525,6525,6496,6502.5,12.216,79434.54
1585137540000,6502.5,6513,6502.5,6511.5,17.416,113404.284
1585137600000,6511.5,6519,6504.5,6506.5,5.048,32844.812
1585137660000,6506.5,6511.5,6502,6511.5,5.362,34914.663
1585137720000,6511.5,6529.5,6511.5,6527.5,5.028,32820.27
1585137780000,6527.5,6531,6523,6525.5,9.252,60373.926
1585137840000,6525.5,6553,6525.5,6553,16.028,105031.484
1585137900000,6553,6553,6541,6549.5,6.155,40312.1725
1585137960000,6549.5,6554.5,6545,6548,10.602,69421.896
1585138020000,6548,6548,6534.5,6535.5,14.577,95267.9835
1585138080000,6535.5,6538.5,6533,6533.5,9.744,63662.424
1585138140000,6533.5,6553.5,6533.5,6548,8.637,56555.076
1585138200000,6548,6553.5,6546,6552,8.111,53143.272
1585138260000,6552,6552,6540,6543,5.952,38943.936
1585138320000,6543,6548,6535,6535,4.383,28642.905
1585138380000,6535,6536,6534.5,6535.5,12.032,78635.136
1585138440000,6535.5,6535.5,6521.5,6531.5,5.327,34793.3005
1585138500000,6531.5,6532.5,6520.5,6521.5,9.382,61184.713
1585138560000,6521.5,6529,6521.5,6528.5,4.666,30461.981
1585138620000,6528.5,6542,6526,6542,11.577,75736.734
1585138680000,6542,6551,6542,6547.5,5.661,37065.3975
1585138740000,6547.5,6550.5,6547,6550.5,7.591,49724.8455
1585138800000,6550.5,6559.5,6550.5,6556,2.804,18383.024
1585138860000,6556,6556,6551,6553,11.552,75700.256
1585138920000,6553,6553.5,6543,6543,9.205,60228.315
1585138980000,6543,6546,6543,6543.5,6.086,39823.741
1585139040000,6543.5,6552.5,6543.5,6549,8.39,54946.11
1585139100000,6549,6552.5,6546.5,6546.5,6.568,42997.412
1585139160000,6546.5,6547,6542.5,6542.5,7.106,46491.005
1585139220000,6542.5,6542.5,6531.5,6531.5,4.373,28562.2495
1585139280000,6531.5,6537.5,6531.5,6533,5.559,36316.947
1585139340000,6533,6533,6514.5,6519.5,10.961,71460.2395
1585139400000,6519.5,6519.5,6507,6511.5,10.342,67341.933
1585139460000,6511.5,6520.5,6509.5,6519.5,4.622,30133.129
1585139520000,6519.5,6531.5,6519.5,6520.5,6.025,39286.0125
1585139580000,6520.5,6531,6520,6530.5,13.54,88422.97
1585139640000,6530.5,6533.5,6525,6526,16.052,104755.352
1585139700000,6526,6531.5,6523.5,6531,13.622,88965.282
1585139760000,6531,6544.5,6531,6536.5,7.49,48958.385
1585139820000,6536.5,6542.5,6536.5,6539,7.719,50474.541
1585139880000,6539,6539,6532,6533,6.627,43294.191
1585139940000,6533,6538,6528.5,6538,10.941,71532.258
1585140000000,6538,6547.5,6538,6547,15.821,103580.087
1585140060000,6547,6548,6546,6548,1.713,11216.724
1585140120000,6548,6552.5,6548,6552.5,9.28,60807.2
1585140180000,6552.5,6552.5,6547.5,6550,10.928,71578.4
1585140240000,6550,6550,6548.5,6548.5,5.036,32978.246
1585140300000,6548.5,6551.5,6547.5,6549,15.699,102812.751
1585140360000,6549,6549,6537.5,6537.5,17.203,112464.6125
1585140420000,6537.5,6539.5,6532.5,6534,2.646,17288.964
1585140480000,6534,6538.5,6534,6536.5,5.348,34957.202
1585140540000,6536.5,6537.5,6533.5,6536.5,10.099,66012.1135
1585140600000,6536.5,6552,6536.5,6552,11.793,77267.736
1585140660000,6552,6559.5,6551,6559.5,11.77,77205.315
1585140720000,6559.5,6580,6559.5,6578,10.562,69476.836
1585140780000,6578,6581,6572.5,6574.5,9.871,64896.8895
1585140840000,6574.5,6579,6570.5,6576,8.443,55521.168
1585140900000,6576,6576,6567.5,6569,7.901,51901.669
1585140960000,6569,6569.5,6561.5,6562,9.732,63861.384
1585141020000,6562,6576.5,6561.5,6570,15.271,100330.47
1585141080000,6570,6577,6570,6577,5.77,37949.29
1585141140000,6577,6588.5,6576.5,6583.5,9.733,64077.2055
1585141200000,6583.5,6590.5,6583.5,6590,5.383,35473.97
1585141260000,6590,6590.5,6577,6579.5,6.482,42648.319
1585141320000,6579.5,6583.5,6576,6580.5,11.989,78893.6145
1585141380000,6580.5,6581,6566.5,6566.5,10.828,71102.062
1585141440000,6566.5,6571,6565.5,6565.5,10.101,66318.1155
1585141500000,6565.5,6578.5,6564,6578.5,12.555,82593.0675
1585141560000,6578.5,6578.5,6572.5,6572.5,9.397,61761.7825
1585141620000,6572.5,6585.5,6572.5,6585.5,12.429,81851.1795
1585141680000,6585.5,6585.5,6571,6578.5,7.547,49647.9395
1585141740000,6578.5,6584,6573,6584,6.292,41426.528
1585141800000,6584,6584.5,6580.5,6584.5,5.141,33850.9145
1585141860000,6584.5,6584.5,6579,6584.5,12.315,81088.1175
1585141920000,6584.5,6609.5,6584.5,6609.5,5.569,36808.3055
1585141980000,6609.5,6609.5,6602,6608.5,10.074,66574.029
1585142040000,6608.5,6611.5,6602.5,6611.5,10.721,70881.8915
1585142100000,6611.5,6618.5,6611.5,6614.5,8.074,53405.473
1585142160000,6614.5,6614.5,6593.5,6594.5,12.614,83183.023
1585142220000,6594.5,6602,6594.5,6602,8.036,53053.672
1585142280000,6602,6602.5,6595.5,6601,10.632,70181.832
1585142340000,6601,6609,6601,6604,4.499,29711.396
1585142400000,6604,6604,6594,6597.5,9.646,63639.485
1585142460000,6597.5,6597.5,6589.5,6593,4.84,31910.12
1585142520000,6593,6593,6581,6584.5,13.865,91294.0925
1585142580000,6584.5,6584.5,6580,6580.5,4.932,32455.026
1585142640000,6580.5,6586.5,6579.5,6581.5,9.374,61694.981
1585142700000,6581.5,6586,6579.5,6582,8.807,57967.674
1585142760000,6582,6586.5,6577.5,6581.5,7.607,50065.4705
1585142820000,6581.5,6601.5,6581.5,6601,6.788,44807.588
1585142880000,6601,6607.5,6600,6607,12.91,85296.37
1585142940000,6607,6607,6598,6598,2.154,14212.092
1585143000000,6598,6598.5,6562,6563,5.02,32946.26
1585143060000,6563,6575.5,6563,6574,8.074,53078.476
1585143120000,6574,6574,6574,6574,0,0
1585143180000,6574,6574,6574,6574,0,0
1585143240000,6574,6574,6574,6574,0,0
1585143300000,6574,6574,6574,6574,0,0
1585143360000,6574,6574,6574,6574,0,0
1585143420000,6574,6574,6574,6574,0,0
1585143480000,6574,6574,6574,6574,0,0
1585143540000,6574,6574,6574,6574,0,0
1585143600000,6574,6574,6574,6574,0,0
1585143660000,6574,6739,6574,6729,8.875,59719.875
1585143720000,6729,6745.5,6729,6739,4.704,31700.256
1585143780000,6739,6739,6715.5,6721,10.018,67330.978
1585143840000,6721,6721,6695,6697,12.722,85199.234
1585143900000,6697,6706,6691,6693.5,4.907,32845.0045
1585143960000,6693.5,6699,6690.5,6692.5,9.356,62615.03
1585144020000,6692.5,6692.5,6670.5,6684,10.203,68196.852
1585144080000,6684,6689,6679.5,6682,6.51,43499.82
1585144140000,6682,6699.5,6679.5,6697,10.326,69153.222
1585144200000,6697,6697,6685,6693,6.305,42199.365
1585144260000,6693,6693,6663.5,6663.5,12.086,80535.061
1585144320000,6663.5,6663.5,6635,6641,11.144,74007.304
1585144380000,6641,6644,6623.5,6623.5,9.505,62956.3675
1585144440000,6623.5,6627,6616.5,6627,13.437,89046.999
1585144500000,6627,6629,6593.5,6594,6.182,40764.108
1585144560000,6594,6626.5,6594,6625.5,6.136,40654.068
1585144620000,6625.5,6627,6618.5,6625.5,9.376,62120.688
1585144680000,6625.5,6625.5,6607,6607,8.884,58696.588
1585144740000,6607,6607,6573.5,6585,13.791,90813.735
1585144800000,6585,6585.5,6566.5,6578,5.225,34370.05
1585144860000,6578,6586.5,6548.5,6586,4.641,30565.626
1585144920000,6586,6591,6557,6560.5,4.708,30886.834
1585144980000,6560.5,6560.5,6542,6542,6.555,42882.81
1585145040000,6542,6547,6516,6542,6.165,40331.43
1585145100000,6542,6553.5,6542,6547,5.141,33658.127
1585145160000,6547,6580.5,6547,6579,10.581,69612.399
1585145220000,6579,6579,6561,6562,17.746,116449.252
1585145280000,6562,6569.5,6553.5,6568.5,7.648,50235.888
1585145340000,6568.5,6576,6568.5,6574,7.701,50626.374
1585145400000,6574,6597.5,6574,6575.5,5.388,35428.794
1585145460000,6575.5,6575.5,6554.5,6556,8.369,54867.164
1585145520000,6556,6573.5,6556,6557.5,10.341,67811.1075
1585145580000,6557.5,6568,6557.5,6562.5,6.024,39532.5
1585145640000,6562.5,6564.5,6555,6560.5,17.072,112000.856
1585145700000,6560.5,6595.5,6560.5,6595.5,11.095,73177.0725
1585145760000,6595.5,6603,6590.5,6603,6.242,41215.926
1585145820000,6603,6610,6596,6602,11.971,79032.542
1585145880000,6602,6603.5,6586.5,6591,6.61,43566.51
1585145940000,6591,6591,6586,6587,9.453,62266.911
1585146000000,6587,6601,6587,6601,8.081,53342.681
1585146060000,6601,6601,6585.5,6585.5,2.598,17109.129
1585146120000,6585.5,6604.5,6585.5,6604.5,4.214,27831.363
1585146180000,6604.5,6604.5,6604.5,6604.5,17.928,118405.476
1585146240000,6604.5,6604.5,6594,6594,4.72,31123.68
1585146300000,6594,6594,6586,6586,8.961,59017.146
1585146360000,6586,6586,6585.5,6586,4.265,28089.29
1585146420000,6586,6593.5,6585.5,6587.5,6.73,44333.875
1585146480000,6587.5,6597.5,6585.5,6597.5,6.83,45060.925
1585146540000,6597.5,6598.5,6590.5,6591,7.384,48667.944
1585146600000,6591,6604.5,6591,6604.5,5.804,38332.518
1585146660000,6604.5,6604.5,6604.5,6604.5,0,0
1585146720000,6604.5,6604.5,6604.5,6604.5,0,0
1585146780000,6604.5,6604.5,6604.5,6604.5,0,0
1585146840000,6604.5,6632,6604.5,6629,0.018,119.322
1585146900000,6629,6629,6628,6628,0.01,66.28
1585146960000,6628,6629,6625.5,6625.5,0.151,1000.4505
1585147020000,6625.5,6625.5,6625.5,6625.5,0,0
1585147080000,6625.5,6632.5,6625.5,6632.5,1,6632.5
1585147140000,6632.5,6633,6630,6633,1.045,6931.485
1585147200000,6633,6636,6633,6636,1,6636
1585147260000,6636,6639,6636,6639,1.002,6652.278
1585147320000,6639,6640,6637,6637,0.101,670.337
1585147380000,6637,6637,6630,6630,0.099,656.37
1585147440000,6630,6630,6598.5,6598.5,0.11,725.835
1585147500000,6598.5,6598.5,6593,6593,0.577,3804.161
1585147560000,6593,6593,6593,6593,0,0
1585147620000,6593,6600,6593,6600,0.1,660
1585147680000,6600,6600,6580,6580,0.158,1039.64
1585147740000,6580,6583.5,6580,6583.5,0.001,6.5835
1585147800000,6583.5,6583.5,6581.5,6581.5,0.001,6.5815
1585147860000,6581.5,6581.5,6581.5,6581.5,0,0
1585147920000,6581.5,6581.5,6581.5,6581.5,0,0
1585147980000,6581.5,6604,6581.5,6604,0.087,574.548
1585148040000,6604,6604,6604,6604,0,0
1585148100000,6604,6604,6590,6590,7.18,47316.2
1585148160000,6590,6590,6590,6590,0,0
1585148220000,6590,6590,6590,6590,0,0
1585148280000,6590,6590,6590,6590,0,0
1585148340000,6590,6590,6590,6590,0,0
1585148400000,6590,6590,6590,6590,0,0
1585148460000,6590,6590,6590,6590,0,0
1585148520000,6590,6625.5,6590,6625.5,6.961,46120.1055
1585148580000,6625.5,6625.5,6612,6620,0.088,582.56
1585148640000,6620,6620,6620,6620,0.036,238.32
1585148700000,6620,6626.5,6620,6626.5,0.101,669.2765
1585148760000,6626.5,6626.5,6626.5,6626.5,0,0
1585148820000,6626.5,6635,6626.5,6632,0.504,3342.528
1585148880000,6632,6649.5,6632,6649.5,2.007,13345.5465
1585148940000,6649.5,6656.5,6649.5,6655.5,1.579,10509.0345
1585149000000,6655.5,6662,6644.5,6645,0.034,225.93
1585149060000,6645,6648,6637.5,6637.5,0.06,398.25
1585149120000,6637.5,6637.5,6637.5,6637.5,0,0
1585149180000,6637.5,6637.5,6637.5,6637.5,0,0
1585149240000,6637.5,6637.5,6632,6632,0.001,6.632
1585149300000,6632,6635,6619.5,6619.5,0.034,225.063
1585149360000,6619.5,6626,6618.5,6626,0.134,887.884
1585149420000,6626,6626,6622.5,6623.5,0.005,33.1175
1585149480000,6623.5,6630,6623.5,6628,0.003,19.884
1585149540000,6628,6632,6628,6632,0.001,6.632
1585149600000,6632,6632,6632,6632,0,0
1585149660000,6632,6632,6632,6632,0.006,39.792
1585149720000,6632,6642,6632,6642,0.501,3327.642
1585149780000,6642,6642,6642,6642,0,0
1585149840000,6642,6642,6642,6642,0,0
1585149900000,6642,6650,6642,6650,0.001,6.65
1585149960000,6650,6650,6650,6650,0.001,6.65
1585150020000,6650,6650,6650,6650,0,0
1585150080000,6650,6658.5,6650,6654.5,0.02,133.09
1585150140000,6654.5,6654.5,6641,6641,2.248,14928.968
1585150200000,6641,6641,6641,6641,0,0
1585150260000,6641,6641,6641,6641,0,0
1585150320000,6641,6651,6641,6651,0.056,372.456
1585150380000,6651,6651,6651,6651,0,0
1585150440000,6651,6651,6636,6636,0.412,2734.032
1585150500000,6636,6636,6636,6636,0,0
1585150560000,6636,6642,6636,6642,1,6642
1585150620000,6642,6642,6642,6642,0,0
1585150680000,6642,6642,6642,6642,0,0
1585150740000,6642,6642,6642,6642,0,0
1585150800000,6642,6642,6627.5,6627.5,0.096,636.24
1585150860000,6627.5,6627.5,6612,6613,0.121,800.173
1585150920000,6613,6614.5,6613,6613.5,0.112,740.712
1585150980000,6613.5,6613.5,6613.5,6613.5,0,0
1585151040000,6613.5,6613.5,6613,6613,0.1,661.3
1585151100000,6613,6614,6613,6614,0.001,6.614
1585151160000,6614,6624.5,6614,6624.5,0.015,99.3675
1585151220000,6624.5,6624.5,6619.5,6619.5,0.001,6.6195
1585151280000,6619.5,6632,6619.5,6632,0.04,265.28
1585151340000,6632,6632,6632,6632,0,0
1585151400000,6632,6632,6619.5,6619.5,0.007,46.3365
1585151460000,6619.5,6619.5,6611,6611,1.029,6802.719
1585151520000,6611,6611,6603,6603,1.139,7520.817
1585151580000,6603,6603,6603,6603,0,0
1585151640000,6603,6603,6599,6599,1,6599
1585151700000,6599,6600,6599,6600,0.164,1082.4
1585151760000,6600,6610,6600,6605.5,0.004,26.422
1585151820000,6605.5,6605.5,6605.5,6605.5,0,0
1585151880000,6605.5,6610,6605.5,6610,1,6610
1585151940000,6610,6615,6610,6615,0.071,469.665
1585152000000,6615,6615,6615,6615,0,0
1585152060000,6615,6618.5,6615,6618.5,0.01,66.185
1585152120000,6618.5,6618.5,6618.5,6618.5,0,0
1585152180000,6618.5,6618.5,6618.5,6618.5,0,0
1585152240000,6618.5,6638,6618.5,6638,0.158,1048.804
1585152300000,6638,6638,6637,6637,0.1,663.7
1585152360000,6637,6637,6619,6619,0.003,19.857
1585152420000,6619,6619,6619,6619,0,0
1585152480000,6619,6619,6601.5,6601.5,0.003,19.8045
1585152540000,6601.5,6601.5,6601.5,6601.5,0,0
1585152600000,6601.5,6615,6601.5,6615,1.002,6628.23
1585152660000,6615,6615,6615,6615,0,0
1585152720000,6615,6615,6615,6615,0,0
1585152780000,6615,6626.5,6615,6626.5,0.001,6.6265
1585152840000,6626.5,6626.5,6626.5,6626.5,0,0
1585152900000,6626.5,6626.5,6626.5,6626.5,0,0
1585152960000,6626.5,6643,6626.5,6643,0.071,471.653
1585153020000,6643,6643,6643,6643,0,0
1585153080000,6643,6643,6636,6636,0.082,544.152
1585153140000,6636,6642,6636,6639,2.04,13543.56
1585153200000,6639,6639,6639,6639,0,0
1585153260000,6639,6639,6639,6639,0,0
1585153320000,6639,6639.5,6639,6639.5,2.182,14487.389
1585153380000,6639.5,6639.5,6639.5,6639.5,0,0
1585153440000,6639.5,6643,6639.5,6643,0.006,39.858
1585153500000,6643,6643,6643,6643,0,0
1585153560000,6643,6643,6643,6643,0,0
1585153620000,6643,6670,6643,6670,1.238,8257.46
1585153680000,6670,6689.5,6670,6681,0.008,53.448
1585153740000,6681,6691,6681,6691,0.135,903.285
1585153800000,6691,6691,6669.5,6669.5,0.001,6.6695
1585153860000,6669.5,6669.5,6650.5,6652,1.05,6984.6
1585153920000,6652,6658,6652,6658,0.002,13.316
1585153980000,6658,6666.5,6658,6666.5,0.002,13.333
1585154040000,6666.5,6666.5,6666.5,6666.5,0,0
1585154100000,6666.5,6676,6666.5,6675.5,1.05,7009.275
1585154160000,6675.5,6675.5,6655.5,6655.5,3.001,19973.1555
1585154220000,6655.5,6670,6655.5,6670,0.001,6.67
1585154280000,6670,6671,6670,6671,0.016,106.736
1585154340000,6671,6685,6671,6681.5,0.11,734.965
1585154400000,6681.5,6683,6677,6677,0.144,961.488
1585154460000,6677,6683.5,6677,6683.5,0.001,6.6835
1585154520000,6683.5,6683.5,6683.5,6683.5,0,0
1585154580000,6683.5,6683.5,6683.5,6683.5,0,0
1585154640000,6683.5,6686,6683.5,6686,0.082,548.252
1585154700000,6686,6695.5,6686,6695.5,0.1,669.55
1585154760000,6695.5,6695.5,6676,6680,1.912,12772.16
1585154820000,6680,6680,6676,6676,0.082,547.432
1585154880000,6676,6676,6675,6675,2.002,13363.35
1585154940000,6675,6678,6675,6678,1,6678
1585155000000,6678,6678,6678,6678,0,0
1585155060000,6678,6678,6669,6669,0.05,333.45
1585155120000,6669,6669,6669,6669,0,0
1585155180000,6669,6669,6669,6669,0,0
1585155240000,6669,6669,6669,6669,0,0
1585155300000,6669,6669,6669,6669,0,0
1585155360000,6669,6669,6669,6669,0,0
1585155420000,6669,6669,6669,6669,0,0
1585155480000,6669,6669,6669,6669,0,0
1585155540000,6669,6669,6664.5,6664.5,5.54,36921.33
1585155600000,6664.5,6666,6657.5,6659.5,6.416,42727.352
1585155660000,6659.5,6659.5,6651,6651,0.05,332.55
1585155720000,6651,6651,6651,6651,0,0
1585155780000,6651,6651,6651,6651,0,0
1585155840000,6651,6651,6651,6651,0,0
1585155900000,6651,6651,6651,6651,0,0
1585155960000,6651,6654,6651,6654,1.026,6827.004
1585156020000,6654,6654.5,6652.5,6654.5,1.019,6780.9355
1585156080000,6654.5,6668,6654.5,6668,0.012,80.016
1585156140000,6668,6668,6663,6663,0.001,6.663
1585156200000,6663,6675.5,6663,6675.5,0.199,1328.4245
1585156260000,6675.5,6675.5,6675.5,6675.5,0,0
1585156320000,6675.5,6677.5,6675,6677.5,1.707,11398.4925
1585156380000,6677.5,6677.5,6673,6673,0.075,500.475
1585156440000,6673,6673,6668,6668,0.002,13.336
1585156500000,6668,6668,6668,6668,0,0
1585156560000,6668,6668,6668,6668,0,0
1585156620000,6668,6668,6668,6668,0,0
1585156680000,6668,6668,6662.5,6662.5,2.052,13671.45
1585156740000,6662.5,6662.5,6660.5,6660.5,2.052,13667.346
1585156800000,6660.5,6660.5,6660.5,6660.5,0,0
1585156860000,6660.5,6660.5,6660.5,6660.5,0,0
1585156920000,6660.5,6660.5,6660.5,6660.5,0,0
1585156980000,6660.5,6660.5,6660.5,6660.5,0,0
1585157040000,6660.5,6660.5,6660.5,6660.5,0,0
1585157100000,6660.5,6660.5,6660.5,6660.5,0,0
1585157160000,6660.5,6660.5,6660.5,6660.5,0,0
1585157220000,6660.5,6660.5,6660.5,6660.5,0,0
1585157280000,6660.5,6660.5,6659,6659,0.001,6.659
1585157340000,6659,6659,6659,6659,0,0
1585157400000,6659,6659,6659,6659,0,0
1585157460000,6659,6659,6659,6659,0,0
1585157520000,6659,6659,6659,6659,0,0
1585157580000,6659,6659,6659,6659,0,0
1585157640000,6659,6659,6650,6650,0.009,59.85
1585157700000,6650,6650,6650,6650,0,0
1585157760000,6650,6650,6650,6650,0,0
1585157820000,6650,6653.5,6650,6653.5,1.026,6826.491
1585157880000,6653.5,6653.5,6653.5,6653.5,0,0
1585157940000,6653.5,6653.5,6653.5,6653.5,0,0
1585158000000,6653.5,6653.5,6638,6638,0.2,1327.6
1585158060000,6638,6638,6635.5,6636,0.184,1221.024
1585158120000,6636,6636,6636,6636,0,0
1585158180000,6636,6645,6636,6645,0.012,79.74
1585158240000,6645,6661.5,6645,6661.5,0.211,1405.5765
1585158300000,6661.5,6661.5,6661.5,6661.5,0,0
1585158360000,6661.5,6661.5,6661.5,6661.5,0,0
1585158420000,6661.5,6664,6661.5,6664,0.211,1406.104
1585158480000,6664,6664,6664,6664,0,0
1585158540000,6664,6664,6664,6664,0,0
1585158600000,6664,6664,6664,6664,0,0
1585158660000,6664,6664,6664,6664,0,0
1585158720000,6664,6664,6664,6664,0,0
1585158780000,6664,6664,6664,6664,0,0
1585158840000,6664,6664,6664,6664,0,0
1585158900000,6664,6664,6664,6664,0,0
1585158960000,6664,6664,6664,6664,0,0
1585159020000,6664,6664,6664,6664,0,0
1585159080000,6664,6664,6650,6650,0.058,385.7
1585159140000,6650,6650,6650,6650,0,0
1585159200000,6650,6650,6650,6650,0,0
1585159260000,6650,6650,6633,6633,0.931,6175.323
1585159320000,6633,6633,6633,6633,0,0
1585159380000,6633,6634,6633,6634,0.01,66.34
1585159440000,6634,6634,6608,6608,1.111,7341.488
1585159500000,6608,6608,6608,6608,0,0
1585159560000,6608,6608,6608,6608,0,0
1585159620000,6608,6608,6608,6608,0,0
1585159680000,6608,6608,6608,6608,0,0
1585159740000,6608,6608,6608,6608,0,0
1585159800000,6608,6608,6601,6601,0.028,184.828
1585159860000,6601,6611,6601,6611,0.931,6154.841
1585159920000,6611,6611,6611,6611,0,0
1585159980000,6611,6611,6611,6611,0,0
1585160040000,6611,6611,6611,6611,0,0
1585160100000,6611,6611,6611,6611,0,0
1585160160000,6611,6611,6611,6611,0,0
1585160220000,6611,6611,6611,6611,0,0
1585160280000,6611,6611,6611,6611,0,0
1585160340000,6611,6618.5,6611,6618.5,0.017,112.5145
1585160400000,6618.5,6621,6618.5,6621,0.004,26.484
1585160460000,6621,6621,6621,6621,0,0
1585160520000,6621,6621,6621,6621,0,0
1585160580000,6621,6621,6621,6621,0,0
1585160640000,6621,6621,6621,6621,0,0
1585160700000,6621,6621,6611,6611,0.001,6.611
1585160760000,6611,6611,6611,6611,0,0
1585160820000,6611,6611,6611,6611,0.011,72.721
1585160880000,6611,6611,6611,6611,0,0
1585160940000,6611,6611,6611,6611,0,0
1585161000000,6611,6614.5,6611,6614.5,0.002,13.229
1585161060000,6614.5,6614.5,6614.5,6614.5,0,0
1585161120000,6614.5,6614.5,6611,6611,0.25,1652.75
1585161180000,6611,6611,6592.5,6592.5,0.034,224.145
1585161240000,6592.5,6592.5,6592.5,6592.5,0,0
1585161300000,6592.5,6595,6592.5,6595,0.015,98.925
1585161360000,6595,6595,6595,6595,0,0
1585161420000,6595,6599,6595,6599,2.628,17342.172
1585161480000,6599,6603.5,6599,6603.5,1.264,8346.824
1585161540000,6603.5,6603.5,6603.5,6603.5,0,0
1585161600000,6603.5,6603.5,6603.5,6603.5,0,0
1585161660000,6603.5,6603.5,6603.5,6603.5,0,0
1585161720000,6603.5,6603.5,6603.5,6603.5,0,0
1585161780000,6603.5,6603.5,6603.5,6603.5,0,0
1585161840000,6603.5,6603.5,6603.5,6603.5,0,0
1585161900000,6603.5,6603.5,6603.5,6603.5,0,0
1585161960000,6603.5,6630,6603.5,6630,2,13260
1585162020000,6630,6630,6630,6630,0,0
1585162080000,6630,6630,6630,6630,0,0
1585162140000,6630,6630,6628,6628,2,13256
1585162200000,6628,6637.5,6628,6637.5,1.264,8389.8
1585162260000,6637.5,6639,6637.5,6639,1.026,6811.614
1585162320000,6639,6640.5,6639,6640.5,1.7,11288.85
1585162380000,6640.5,6649.5,6640.5,6647.5,0.018,119.655
1585162440000,6647.5,6647.5,6645,6647.5,1.043,6933.3425
1585162500000,6647.5,6647.5,6647.5,6647.5,0,0
1585162560000,6647.5,6647.5,6647.5,6647.5,0,0
1585162620000,6647.5,6647.5,6647.5,6647.5,0,0
1585162680000,6647.5,6647.5,6647.5,6647.5,0,0
1585162740000,6647.5,6652.5,6647.5,6652.5,1,6652.5
1585162800000,6652.5,6652.5,6652.5,6652.5,0,0
1585162860000,6652.5,6652.5,6640.5,6640.5,5.7,37850.85
1585162920000,6640.5,6640.5,6640.5,6640.5,0,0
1585162980000,6640.5,6640.5,6640.5,6640.5,0,0
1585163040000,6640.5,6640.5,6640.5,6640.5,0,0
1585163100000,6640.5,6671.5,6640.5,6662.5,1.473,9813.8625
1585163160000,6662.5,6662.5,6662.5,6662.5,0,0
1585163220000,6662.5,6662.5,6662.5,6662.5,0,0
1585163280000,6662.5,6662.5,6662.5,6662.5,0,0
1585163340000,6662.5,6662.5,6662.5,6662.5,0,0
1585163400000,6662.5,6662.5,6662.5,6662.5,0,0
1585163460000,6662.5,6662.5,6647.5,6647.5,1,6647.5
1585163520000,6647.5,6647.5,6647.5,6647.5,0,0
1585163580000,6647.5,6647.5,6647.5,6647.5,0,0
1585163640000,6647.5,6647.5,6647.5,6647.5,0,0
1585163700000,6647.5,6647.5,6647.5,6647.5,0,0
1585163760000,6647.5,6647.5,6647.5,6647.5,0,0
1585163820000,6647.5,6647.5,6647.5,6647.5,0,0
1585163880000,6647.5,6647.5,6647.5,6647.5,0,0
1585163940000,6647.5,6647.5,6647.5,6647.5,0,0
1585164000000,6647.5,6647.5,6647.5,6647.5,0,0
1585164060000,6647.5,6647.5,6647.5,6647.5,0,0
1585164120000,6647.5,6647.5,6647.5,6647.5,0,0
1585164180000,6647.5,6647.5,6647.5,6647.5,0,0
1585164240000,6647.5,6647.5,6645.5,6645.5,1,6645.5
1585164300000,6645.5,6645.5,6645.5,6645.5,0,0
1585164360000,6645.5,6645.5,6645.5,6645.5,0,0
1585164420000,6645.5,6645.5,6631.5,6631.5,0.5,3315.75
1585164480000,6631.5,6631.5,6631.5,6631.5,0,0
1585164540000,6631.5,6631.5,6631.5,6631.5,0,0
1585164600000,6631.5,6631.5,6631.5,6631.5,0,0
1585164660000,6631.5,6631.5,6631.5,6631.5,0,0
1585164720000,6631.5,6631.5,6631.5,6631.5,0,0
1585164780000,6631.5,6631.5,6631.5,6631.5,0,0
1585164840000,6631.5,6632,6631.5,6632,0.606,4018.992
1585164900000,6632,6632,6632,6632,0,0
1585164960000,6632,6632,6632,6632,0,0
1585165020000,6632,6632,6632,6632,0,0
1585165080000,6632,6632,6632,6632,0,0
1585165140000,6632,6632,6632,6632,0,0
1585165200000,6632,6632,6615,6615,0.005,33.075
1585165260000,6615,6615,6615,6615,0,0
1585165320000,6615,6615,6615,6615,0,0
1585165380000,6615,6615,6615,6615,0,0
1585165440000,6615,6615,6597.5,6599,0.027,178.173
1585165500000,6599,6599,6599,6599,0,0
1585165560000,6599,6617.5,6599,6617.5,0.01,66.175
1585165620000,6617.5,6617.5,6617.5,6617.5,0,0
1585165680000,6617.5,6622,6617.5,6622,0.513,3397.086
1585165740000,6622,6622,6622,6622,0,0
1585165800000,6622,6622,6622,6622,0,0
1585165860000,6622,6622,6622,6622,0,0
1585165920000,6622,6622,6622,6622,0,0
1585165980000,6622,6622,6622,6622,0,0
1585166040000,6622,6622,6622,6622,0,0
1585166100000,6622,6622,6622,6622,0,0
1585166160000,6622,6622,6622,6622,0,0
1585166220000,6622,6622,6622,6622,0,0
1585166280000,6622,6622,6622,6622,0,0
1585166340000,6622,6622,6622,6622,0,0
1585166400000,6622,6622,6622,6622,0,0
1585166460000,6622,6622,6622,6622,0,0
1585166520000,6622,6622,6595,6595,5,32975
1585166580000,6595,6595,6595,6595,0,0
1585166640000,6595,6595,6595,6595,0,0
1585166700000,6595,6595,6595,6595,0,0
1585166760000,6595,6595,6595,6595,0,0
1585166820000,6595,6595,6595,6595,0,0
1585166880000,6595,6600,6595,6600,5,33000
1585166940000,6600,6600,6600,6600,0,0
1585167000000,6600,6600,6596,6596,0.039,257.244
1585167060000,6596,6596,6596,6596,0,0
1585167120000,6596,6596,6596,6596,0,0
1585167180000,6596,6596,6596,6596,0,0
1585167240000,6596,6596,6596,6596,0,0
1585167300000,6596,6596,6596,6596,0,0
1585167360000,6596,6618,6596,6618,0.035,231.63
1585167420000,6618,6618,6618,6618,0.055,363.99
1585167480000,6618,6618,6618,6618,0,0
1585167540000,6618,6618,6618,6618,0,0
1585167600000,6618,6624,6618,6624,0.03,198.72
1585167660000,6624,6625.5,6624,6625.5,1,6625.5
1585167720000,6625.5,6625.5,6616.5,6616.5,0.039,258.0435
1585167780000,6616.5,6616.5,6616.5,6616.5,0,0
1585167840000,6616.5,6616.5,6616.5,6616.5,0,0
1585167900000,6616.5,6616.5,6616.5,6616.5,0,0
1585167960000,6616.5,6618,6614.5,6618,0.112,741.216
1585168020000,6618,6618,6618,6618,0,0
1585168080000,6618,6618,6618,6618,0,0
1585168140000,6618,6618,6618,6618,0,0
1585168200000,6618,6618,6618,6618,0,0
1585168260000,6618,6620,6618,6620,0.012,79.44
1585168320000,6620,6620,6620,6620,0.012,79.44
1585168380000,6620,6620,6620,6620,0,0
1585168440000,6620,6638,6620,6638,1.311,8702.418
1585168500000,6638,6638,6638,6638,0,0
1585168560000,6638,6638,6625.5,6625.5,0.221,1464.2355
1585168620000,6625.5,6625.5,6625.5,6625.5,0,0
1585168680000,6625.5,6625.5,6625.5,6625.5,0,0
1585168740000,6625.5,6625.5,6625.5,6625.5,0,0
1585168800000,6625.5,6625.5,6625.5,6625.5,0,0
1585168860000,6625.5,6625.5,6618,6618,0.297,1965.546
1585168920000,6618,6618,6618,6618,0,0
1585168980000,6618,6618,6618,6618,0,0
1585169040000,6618,6619.5,6618,6619,1.002,6632.238
1585169100000,6619,6619,6619,6619,0,0
1585169160000,6619,6619,6608.5,6609,0.689,4553.601
1585169220000,6609,6609,6603,6603,0.098,647.094
1585169280000,6603,6603,6598.5,6598.5,0.5,3299.25
1585169340000,6598.5,6608.5,6598.5,6608.5,0.092,607.982
1585169400000,6608.5,6608.5,6608.5,6608.5,0,0
1585169460000,6608.5,6608.5,6584.5,6584.5,0.36,2370.42
1585169520000,6584.5,6586.5,6584.5,6586.5,0.092,605.958
1585169580000,6586.5,6586.5,6573,6575,2.888,18988.6
1585169640000,6575,6586,6575,6586,0.102,671.772
1585169700000,6586,6586,6586,6586,0,0
1585169760000,6586,6586,6586,6586,0,0
1585169820000,6586,6586,6586,6586,0,0
1585169880000,6586,6586,6580,6580.5,0.828,5448.654
1585169940000,6580.5,6590,6580.5,6590,0.5,3295
1585170000000,6590,6590,6590,6590,0,0
1585170060000,6590,6590,6576,6576,0.5,3288
1585170120000,6576,6576,6568.5,6568.5,0.019,124.8015
1585170180000,6568.5,6573.5,6568.5,6573.5,0.5,3286.75
1585170240000,6573.5,6573.5,6573.5,6573.5,0,0
1585170300000,6573.5,6573.5,6562.5,6562.5,0.01,65.625
1585170360000,6562.5,6575,6562.5,6575,2,13150
1585170420000,6575,6575,6575,6575,0,0
1585170480000,6575,6582.5,6575,6581.5,0.099,651.5685
1585170540000,6581.5,6581.5,6579.5,6579.5,0.1,657.95
1585170600000,6579.5,6579.5,6579.5,6579.5,0,0
1585170660000,6579.5,6582.5,6579.5,6582.5,0.011,72.4075
1585170720000,6582.5,6583,6582.5,6583,0.01,65.83
1585170780000,6583,6594.5,6583,6594.5,2,13189
1585170840000,6594.5,6594.5,6594.5,6594.5,0,0
1585170900000,6594.5,6602,6594.5,6602,0.015,99.03
1585170960000,6602,6602,6597.5,6597.5,0.005,32.9875
1585171020000,6597.5,6597.5,6597.5,6597.5,0,0
1585171080000,6597.5,6597.5,6597.5,6597.5,0,0
1585171140000,6597.5,6597.5,6596,6596,0.1,659.6
1585171200000,6596,6596,6596,6596,0,0
1585171260000,6596,6596,6596,6596,0,0
1585171320000,6596,6596,6596,6596,0,0
1585171380000,6596,6596,6596,6596,0,0
1585171440000,6596,6596,6596,6596,0,0
1585171500000,6596,6596,6587.5,6587.5,0.51,3359.625
1585171560000,6587.5,6587.5,6576.5,6576.5,0.25,1644.125
1585171620000,6576.5,6576.5,6576.5,6576.5,0,0
1585171680000,6576.5,6576.5,6576.5,6576.5,0.082,539.273
1585171740000,6576.5,6576.5,6576.5,6576.5,0,0
1585171800000,6576.5,6592.5,6576.5,6592.5,0.1,659.25
1585171860000,6592.5,6594,6592.5,6594,0.5,3297
1585171920000,6594,6594,6593,6593,0.603,3975.579
1585171980000,6593,6593,6593,6593,0,0
1585172040000,6593,6593,6593,6593,0,0
1585172100000,6593,6593,6593,6593,0,0
1585172160000,6593,6593,6593,6593,0,0
1585172220000,6593,6593,6584.5,6584.5,0.603,3970.4535
1585172280000,6584.5,6584.5,6584.5,6584.5,0,0
1585172340000,6584.5,6584.5,6584.5,6584.5,0,0
1585172400000,6584.5,6584.5,6584.5,6584.5,0,0
1585172460000,6584.5,6584.5,6584.5,6584.5,0,0
1585172520000,6584.5,6584.5,6584.5,6584.5,0,0
1585172580000,6584.5,6584.5,6584.5,6584.5,0,0
1585172640000,6584.5,6584.5,6584.5,6584.5,0,0
1585172700000,6584.5,6584.5,6584.5,6584.5,0,0
1585172760000,6584.5,6584.5,6584.5,6584.5,0,0
1585172820000,6584.5,6584.5,6584.5,6584.5,0,0
1585172880000,6584.5,6584.5,6584.5,6584.5,0,0
1585172940000,6584.5,6584.5,6584.5,6584.5,0,0
1585173000000,6584.5,6584.5,6557.5,6557.5,0.63,4131.225
1585173060000,6557.5,6557.5,6556,6556,0.039,255.684
1585173120000,6556,6560,6556,6560,0.013,85.28
1585173180000,6560,6570,6560,6570,0.114,748.98
1585173240000,6570,6570,6570,6570,0,0
1585173300000,6570,6570,6570,6570,0,0
1585173360000,6570,6570,6570,6570,0,0
1585173420000,6570,6590.5,6570,6590.5,0.096,632.688
1585173480000,6590.5,6590.5,6588,6588,0.116,764.208
1585173540000,6588,6588,6588,6588,0,0
1585173600000,6588,6594,6588,6594,0.116,764.904
1585173660000,6594,6647.5,6594,6647.5,2.015,13394.7125
1585173720000,6647.5,6647.5,6640,6643.5,0.215,1428.3525
1585173780000,6643.5,6643.5,6634.5,6634.5,0.1,663.45
1585173840000,6634.5,6643.5,6632.5,6643.5,0.122,810.507
1585173900000,6643.5,6643.5,6640.5,6640.5,1.009,6700.2645
1585173960000,6640.5,6650,6640.5,6650,0.071,472.15
1585174020000,6650,6665.5,6650,6665.5,0.272,1813.016
1585174080000,6665.5,6665.5,6652,6652,0.256,1702.912
1585174140000,6652,6656,6652,6656,0.035,232.96
1585174200000,6656,6656,6656,6656,0,0
1585174260000,6656,6670,6656,6663.5,0.422,2811.997
1585174320000,6663.5,6663.5,6663.5,6663.5,0,0
1585174380000,6663.5,6663.5,6645,6645.5,0.217,1442.0735
1585174440000,6645.5,6645.5,6645.5,6645.5,0,0
1585174500000,6645.5,6645.5,6645.5,6645.5,0,0
1585174560000,6645.5,6664,6645.5,6661,0.33,2198.13
1585174620000,6661,6661.5,6661,6661.5,0.035,233.1525
1585174680000,6661.5,6661.5,6661.5,6661.5,0,0
1585174740000,6661.5,6661.5,6661.5,6661.5,0,0
1585174800000,6661.5,6661.5,6661.5,6661.5,0,0
1585174860000,6661.5,6661.5,6655,6655,0.053,352.715
1585174920000,6655,6655,6642,6642,0.035,232.47
1585174980000,6642,6642,6642,6642,0,0
1585175040000,6642,6642,6642,6642,0,0
1585175100000,6642,6642,6642,6642,0,0
1585175160000,6642,6642,6642,6642,0,0
1585175220000,6642,6642,6635,6635,1.1,7298.5
1585175280000,6635,6635,6635,6635,0,0
1585175340000,6635,6666.5,6635,6666.5,0.035,233.3275
1585175400000,6666.5,6686.5,6666,6686.5,0.128,855.872
1585175460000,6686.5,6692.5,6682,6682,0.831,5552.742
1585175520000,6682,6682,6682,6682,0,0
1585175580000,6682,6687,6682,6687,0.996,6660.252
1585175640000,6687,6687,6687,6687,0,0
1585175700000,6687,6687,6687,6687,0,0
1585175760000,6687,6687,6674,6680.5,0.057,380.7885
1585175820000,6680.5,6680.5,6680.5,6680.5,0,0
1585175880000,6680.5,6680.5,6680.5,6680.5,0,0
1585175940000,6680.5,6680.5,6665,6665,0.05,333.25
1585176000000,6665,6665,6665,6665,0,0
1585176060000,6665,6665,6665,6665,0,0
1585176120000,6665,6665,6665,6665,0,0
1585176180000,6665,6680,6665,6679.5,0.1,667.95
1585176240000,6679.5,6679.5,6679.5,6679.5,0,0
1585176300000,6679.5,6679.5,6671,6671,0.1,667.1
1585176360000,6671,6671,6671,6671,0,0
1585176420000,6671,6671,6671,6671,0,0
1585176480000,6671,6671,6655,6655,0.1,665.5
1585176540000,6655,6655,6655,6655,0,0
1585176600000,6655,6655,6655,6655,0,0
1585176660000,6655,6656,6653,6653,2.6,17297.8
1585176720000,6653,6653,6653,6653,0,0
1585176780000,6653,6653,6653,6653,0,0
1585176840000,6653,6653,6653,6653,0,0
1585176900000,6653,6677,6653,6677,0.025,166.925
1585176960000,6677,6677,6677,6677,0,0
1585177020000,6677,6677,6677,6677,0,0
1585177080000,6677,6692,6674,6692,0.861,5761.812
1585177140000,6692,6692,6681,6681,0.148,988.788
1585177200000,6681,6681,6681,6681,0,0
1585177260000,6681,6681,6681,6681,0,0
1585177320000,6681,6681,6681,6681,0,0
1585177380000,6681,6681,6681,6681,0,0
1585177440000,6681,6681,6677,6677,0.03,200.31
1585177500000,6677,6677,6674.5,6674.5,0.012,80.094
1585177560000,6674.5,6674.5,6666,6669.5,0.826,5509.007
1585177620000,6669.5,6669.5,6669.5,6669.5,0,0
1585177680000,6669.5,6669.5,6669.5,6669.5,0,0
1585177740000,6669.5,6669.5,6669.5,6669.5,0.5,3334.75
1585177800000,6669.5,6669.5,6669.5,6669.5,0,0
1585177860000,6669.5,6669.5,6669.5,6669.5,0,0
1585177920000,6669.5,6669.5,6669.5,6669.5,0,0
1585177980000,6669.5,6669.5,6654,6654,0.158,1051.332
1585178040000,6654,6654,6654,6654,0,0
1585178100000,6654,6654,6654,6654,0,0
1585178160000,6654,6661.5,6654,6661.5,0.3,1998.45
1585178220000,6661.5,6661.5,6661.5,6661.5,0,0
1585178280000,6661.5,6661.5,6661.5,6661.5,0,0
1585178340000,6661.5,6661.5,6661.5,6661.5,0,0
1585178400000,6661.5,6661.5,6661.5,6661.5,0,0
1585178460000,6661.5,6670,6661.5,6670,0.5,3335
1585178520000,6670,6670,6670,6670,0,0
1585178580000,6670,6670,6670,6670,0,0
1585178640000,6670,6670,6670,6670,0,0
1585178700000,6670,6670,6650,6650,0.1,665
1585178760000,6650,6650,6650,6650,0,0
1585178820000,6650,6650,6650,6650,0,0
1585178880000,6650,6651.5,6650,6651.5,0.001,6.6515
1585178940000,6651.5,6651.5,6651.5,6651.5,0,0
1585179000000,6651.5,6651.5,6651.5,6651.5,0,0
1585179060000,6651.5,6651.5,6651.5,6651.5,0,0
1585179120000,6651.5,6651.5,6651.5,6651.5,0,0
1585179180000,6651.5,6651.5,6651.5,6651.5,0,0
1585179240000,6651.5,6651.5,6651.5,6651.5,0,0
1585179300000,6651.5,6651.5,6651.5,6651.5,0,0
1585179360000,6651.5,6651.5,6651.5,6651.5,0,0
1585179420000,6651.5,6672,6651.5,6672,0.101,673.872
1585179480000,6672,6672,6672,6672,0,0
1585179540000,6672,6672,6672,6672,0,0
1585179600000,6672,6672,6672,6672,0,0
1585179660000,6672,6672,6672,6672,0,0
1585179720000,6672,6672,6672,6672,0,0
1585179780000,6672,6672,6672,6672,0,0
1585179840000,6672,6673,6671,6671,0.122,813.862
1585179900000,6671,6671,6671,6671,0,0
1585179960000,6671,6671,6671,6671,0,0
1585180020000,6671,6671,6671,6671,0,0
1585180080000,6671,6671,6671,6671,0,0
1585180140000,6671,6671,6671,6671,0,0
1585180200000,6671,6671,6671,6671,0,0
1585180260000,6671,6676.5,6671,6676.5,0.263,1755.9195
1585180320000,6676.5,6676.5,6676.5,6676.5,0,0
1585180380000,6676.5,6676.5,6676.5,6676.5,0,0
1585180440000,6676.5,6676.5,6676.5,6676.5,0,0
1585180500000,6676.5,6676.5,6676.5,6676.5,0,0
1585180560000,6676.5,6682,6676.5,6682,0.009,60.138
1585180620000,6682,6682,6682,6682,0,0
1585180680000,6682,6698.5,6682,6698.5,0.114,763.629
1585180740000,6698.5,6698.5,6698.5,6698.5,0,0
1585180800000,6698.5,6744,6698.5,6744,2.854,19247.376
1585180860000,6744,6744,6744,6744,0,0
1585180920000,6744,6744,6744,6744,0,0
1585180980000,6744,6744,6744,6744,0,0
1585181040000,6744,6744,6727,6727,0.047,316.169
1585181100000,6727,6728,6727,6728,0.056,376.768
1585181160000,6728,6728,6722.5,6722.5,0.01,67.225
1585181220000,6722.5,6722.5,6722.5,6722.5,0,0
1585181280000,6722.5,6722.5,6708,6709.5,0.774,5193.153
1585181340000,6709.5,6716.5,6709.5,6716,1.311,8804.676
1585181400000,6716,6716,6716,6716,0,0
1585181460000,6716,6724.5,6715.5,6724.5,0.772,5191.314
1585181520000,6724.5,6728.5,6720,6728.5,0.64,4306.24
1585181580000,6728.5,6728.5,6728.5,6728.5,0,0
1585181640000,6728.5,6732.5,6728.5,6732.5,0.052,350.09
1585181700000,6732.5,6732.5,6732.5,6732.5,0,0
1585181760000,6732.5,6732.5,6732.5,6732.5,0,0
1585181820000,6732.5,6732.5,6727,6727,0.2,1345.4
1585181880000,6727,6743.5,6727,6743.5,0.197,1328.4695
1585181940000,6743.5,6765,6743.5,6759,0.371,2507.589
1585182000000,6759,6759,6759,6759,0,0
1585182060000,6759,6759,6759,6759,0,0
1585182120000,6759,6760,6759,6760,0.5,3380
1585182180000,6760,6767,6760,6767,0.1,676.7
1585182240000,6767,6767,6767,6767,0,0
1585182300000,6767,6767,6760.5,6760.5,0.057,385.3485
1585182360000,6760.5,6760.5,6760.5,6760.5,0,0
1585182420000,6760.5,6762,6760.5,6762,0.5,3381
1585182480000,6762,6762,6762,6762,0,0
1585182540000,6762,6762,6742.5,6743,1.2,8091.6
1585182600000,6743,6743,6743,6743,0.5,3371.5
1585182660000,6743,6743,6721,6721,3.565,23960.365
1585182720000,6721,6721,6721,6721,0,0
1585182780000,6721,6736,6721,6736,0.28,1886.08
1585182840000,6736,6736,6736,6736,0,0
1585182900000,6736,6736,6715,6715,0.4,2686
1585182960000,6715,6723.5,6715,6723.5,0.04,268.94
1585183020000,6723.5,6723.5,6715,6715,5.02,33709.3
1585183080000,6715,6715,6715,6715,0,0
1585183140000,6715,6725,6715,6723.5,0.02,134.47
1585183200000,6723.5,6728,6719,6728,0.036,242.208
1585183260000,6728,6737.5,6728,6737.5,0.122,821.975
1585183320000,6737.5,6737.5,6730,6730,0.03,201.9
1585183380000,6730,6730,6726.5,6726.5,5,33632.5
1585183440000,6726.5,6733,6726.5,6731,0.02,134.62
1585183500000,6731,6731,6726.5,6726.5,0.02,134.53
1585183560000,6726.5,6734,6723.5,6734,1.082,7286.188
1585183620000,6734,6734,6721,6721,0.082,551.122
1585183680000,6721,6721,6721,6721,0,0
1585183740000,6721,6721,6721,6721,0.328,2204.488
1585183800000,6721,6721,6719,6719,0.672,4515.168
1585183860000,6719,6719,6719,6719,0,0
1585183920000,6719,6719,6719,6719,0,0
1585183980000,6719,6719,6719,6719,0,0
1585184040000,6719,6733,6719,6733,0.164,1104.212
1585184100000,6733,6738.5,6733,6738.5,0.168,1132.068
1585184160000,6738.5,6738.5,6738.5,6738.5,0,0
1585184220000,6738.5,6738.5,6738.5,6738.5,0,0
1585184280000,6738.5,6738.5,6738.5,6738.5,0,0
1585184340000,6738.5,6738.5,6738.5,6738.5,0,0
1585184400000,6738.5,6738.5,6738.5,6738.5,0,0
1585184460000,6738.5,6738.5,6738.5,6738.5,0,0
1585184520000,6738.5,6738.5,6738.5,6738.5,0,0
1585184580000,6738.5,6738.5,6738.5,6738.5,0,0
1585184640000,6738.5,6738.5,6729,6729,0.082,551.778
1585184700000,6729,6729,6727,6727,0.082,551.614
1585184760000,6727,6727,6727,6727,0.118,793.786
1585184820000,6727,6727,6716,6722,0.002,13.444
1585184880000,6722,6722,6714.5,6714.5,0.002,13.429
1585184940000,6714.5,6714.5,6712,6712,0.01,67.12
1585185000000,6712,6713,6701,6702.5,0.694,4651.535
1585185060000,6702.5,6715,6702.5,6715,0.082,550.63
1585185120000,6715,6715,6715,6715,0,0
1585185180000,6715,6715,6700.5,6701,10,67010
1585185240000,6701,6701,6701,6701,0,0
1585185300000,6701,6701,6690,6691.5,5.348,35786.142
1585185360000,6691.5,6691.5,6691.5,6691.5,0,0
1585185420000,6691.5,6691.5,6691.5,6691.5,0,0
1585185480000,6691.5,6706.5,6691.5,6692,5.405,36170.26
1585185540000,6692,6692,6692,6692,0,0
1585185600000,6692,6698.5,6692,6698.5,5,33492.5
1585185660000,6698.5,6698.5,6698.5,6698.5,0,0
1585185720000,6698.5,6698.5,6690,6690,0.245,1639.05
1585185780000,6690,6690,6675,6675,0.089,594.075
1585185840000,6675,6680,6675,6680,5.238,34989.84
1585185900000,6680,6682.5,6680,6682.5,10,66825
1585185960000,6682.5,6682.5,6675,6675,10.01,66816.75
1585186020000,6675,6689,6675,6689,0.018,120.402
1585186080000,6689,6689,6686,6686,1,6686
1585186140000,6686,6698,6686,6694,5.471,36622.874
1585186200000,6694,6694,6694,6694,0,0
1585186260000,6694,6707,6694,6707,0.036,241.452
1585186320000,6707,6707,6707,6707,0,0
1585186380000,6707,6707,6707,6707,0,0
1585186440000,6707,6707,6707,6707,0,0
1585186500000,6707,6707,6696.5,6696.5,20,133930
1585186560000,6696.5,6702,6696.5,6696.5,0.51,3415.215
1585186620000,6696.5,6705,6696.5,6705,0.03,201.15
1585186680000,6705,6705,6705,6705,0,0
1585186740000,6705,6706,6705,6706,0.5,3353
1585186800000,6706,6706,6702.5,6702.5,0.009,60.3225
1585186860000,6702.5,6707,6695.5,6707,0.352,2360.864
1585186920000,6707,6707,6707,6707,0,0
1585186980000,6707,6707,6707,6707,0,0
1585187040000,6707,6715,6707,6715,0.243,1631.745
1585187100000,6715,6715,6714.5,6714.5,0.082,550.589
1585187160000,6714.5,6714.5,6705.5,6705.5,0.077,516.3235
1585187220000,6705.5,6705.5,6705.5,6705.5,0,0
1585187280000,6705.5,6705.5,6705.5,6705.5,0,0
1585187340000,6705.5,6705.5,6705.5,6705.5,0,0
1585187400000,6705.5,6705.5,6705.5,6705.5,0,0
1585187460000,6705.5,6705.5,6705.5,6705.5,0,0
1585187520000,6705.5,6705.5,6690,6690,0.082,548.58
1585187580000,6690,6690,6690,6690,0,0
1585187640000,6690,6690,6690,6690,0,0
1585187700000,6690,6690,6690,6690,0,0
1585187760000,6690,6690,6690,6690,0,0
1585187820000,6690,6690,6688,6688,0.003,20.064
1585187880000,6688,6688,6688,6688,0,0
1585187940000,6688,6688,6688,6688,0,0
1585188000000,6688,6688,6688,6688,0,0
1585188060000,6688,6688,6688,6688,0,0
1585188120000,6688,6688,6688,6688,0,0
1585188180000,6688,6698,6688,6698,0.009,60.282
1585188240000,6698,6698,6698,6698,0,0
1585188300000,6698,6698,6698,6698,0,0
1585188360000,6698,6698,6698,6698,0,0
1585188420000,6698,6698,6682.5,6682.5,0.027,180.4275
1585188480000,6682.5,6682.5,6682.5,6682.5,0,0
1585188540000,6682.5,6682.5,6682.5,6682.5,0,0
1585188600000,6682.5,6682.5,6682.5,6682.5,0,0
1585188660000,6682.5,6682.5,6660.5,6660.5,0.009,59.9445
1585188720000,6660.5,6660.5,6660.5,6660.5,0,0
1585188780000,6660.5,6660.5,6660.5,6660.5,0,0
1585188840000,6660.5,6667,6660.5,6667,0.102,680.034
1585188900000,6667,6667,6663.5,6663.5,0.01,66.635
1585188960000,6663.5,6664.5,6663.5,6664.5,0.014,93.303
1585189020000,6664.5,6664.5,6664.5,6664.5,0,0
1585189080000,6664.5,6675.5,6664.5,6675.5,0.49,3270.995
1585189140000,6675.5,6675.5,6673,6673,0.082,547.186
1585189200000,6673,6673,6662,6662,0.044,293.128
1585189260000,6662,6662,6662,6662,0,0
1585189320000,6662,6679,6662,6679,0.494,3299.426
1585189380000,6679,6679,6677.5,6677.5,0.015,100.1625
1585189440000,6677.5,6677.5,6673,6673,0.015,100.095
1585189500000,6673,6673,6669,6669,0.092,613.548
1585189560000,6669,6669,6669,6669,0,0
1585189620000,6669,6669,6663,6663,0.124,826.212
1585189680000,6663,6663,6663,6663,0,0
1585189740000,6663,6663,6662,6662,0.783,5216.346
1585189800000,6662,6665.5,6655,6665,0.361,2406.065
1585189860000,6665,6665,6663,6663,0.044,293.172
1585189920000,6663,6668,6663,6668,0.4,2667.2
1585189980000,6668,6677.5,6668,6677.5,0.024,160.26
1585190040000,6677.5,6677.5,6677.5,6677.5,0,0
1585190100000,6677.5,6680,6677.5,6680,0.034,227.12
1585190160000,6680,6680,6680,6680,0,0
1585190220000,6680,6680,6680,6680,0,0
1585190280000,6680,6680,6680,6680,0,0
1585190340000,6680,6680,6680,6680,0,0
1585190400000,6680,6680,6680,6680,0,0
1585190460000,6680,6680,6680,6680,0,0
1585190520000,6680,6680,6680,6680,0,0
1585190580000,6680,6680,6680,6680,0,0
1585190640000,6680,6680,6680,6680,0,0
1585190700000,6680,6680,6680,6680,0,0
1585190760000,6680,6680,6680,6680,0,0
1585190820000,6680,6680,6680,6680,0,0
1585190880000,6680,6689,6680,6689,0.003,20.067
1585190940000,6689,6689,6689,6689,0,0
1585191000000,6689,6694,6689,6694,0.2,1338.8
1585191060000,6694,6694,6694,6694,0,0
1585191120000,6694,6694,6694,6694,0,0
1585191180000,6694,6694,6694,6694,0,0
1585191240000,6694,6694,6694,6694,0,0
1585191300000,6694,6694,6694,6694,0,0
1585191360000,6694,6694,6694,6694,0,0
1585191420000,6694,6694,6694,6694,0,0
1585191480000,6694,6694,6694,6694,0,0
1585191540000,6694,6694,6694,6694,0,0
1585191600000,6694,6694,6681,6681,0.02,133.62
1585191660000,6681,6681,6681,6681,0,0
1585191720000,6681,6681,6681,6681,0,0
1585191780000,6681,6681,6681,6681,0,0
1585191840000,6681,6681,6681,6681,0,0
1585191900000,6681,6681,6681,6681,0,0
1585191960000,6681,6681,6677,6678.5,1.192,7960.772
1585192020000,6678.5,6678.5,6678.5,6678.5,0,0
1585192080000,6678.5,6678.5,6678.5,6678.5,0,0
1585192140000,6678.5,6687.5,6678.5,6687.5,0.045,300.9375
1585192200000,6687.5,6687.5,6687.5,6687.5,0,0
1585192260000,6687.5,6687.5,6674,6674,0.001,6.674
1585192320000,6674,6675,6673,6673.5,6.723,44865.9405
1585192380000,6673.5,6673.5,6671.5,6671.5,12.466,83166.919
1585192440000,6671.5,6671.5,6667.5,6670,16.329,108914.43
1585192500000,6670,6673.5,6670,6673.5,15.559,103832.9865
1585192560000,6673.5,6677.5,6671.5,6677.5,12.991,86747.4025
1585192620000,6677.5,6682,6676,6679.5,27.873,186177.7035
1585192680000,6679.5,6682.5,6679.5,6682.5,22.014,147108.555
1585192740000,6682.5,6693.5,6682.5,6693.5,14.107,94425.2045
1585192800000,6693.5,6693.5,6689,6689.5,2.484,16616.718
1585192860000,6689.5,6689.5,6688.5,6688.5,0.615,4113.4275
1585192920000,6688.5,6688.5,6685.5,6687,2.203,14731.461
1585192980000,6687,6689,6687,6688.5,4.831,32312.1435
1585193040000,6688.5,6688.5,6682.5,6682.5,0.749,5005.1925
1585193100000,6682.5,6686,6682.5,6682.5,0.55,3675.375
1585193160000,6682.5,6688.5,6682.5,6688.5,4.472,29910.972
1585193220000,6688.5,6692.5,6688.5,6691,2.534,16954.994
1585193280000,6691,6694,6690.5,6692.5,1.993,13338.1525
1585193340000,6692.5,6692.5,6683,6685,1.691,11304.335
1585193400000,6685,6691,6685,6690,2.52,16858.8
1585193460000,6690,6691,6687,6687.5,1.266,8466.375
1585193520000,6687.5,6687.5,6686.5,6686.5,1.453,9715.4845
1585193580000,6686.5,6715,6686.5,6708,2.202,14771.016
1585193640000,6708,6738,6708,6737.5,6.075,40930.3125
1585193700000,6737.5,6737.5,6720,6724.5,6.52,43843.74
1585193760000,6724.5,6731,6724.5,6730.5,2.141,14410.0005
1585193820000,6730.5,6730.5,6721.5,6724.5,18.413,123818.2185
1585193880000,6724.5,6724.5,6720.5,6720.5,1.331,8944.9855
1585193940000,6720.5,6722.5,6720.5,6722.5,1.646,11065.235
1585194000000,6722.5,6722.5,6718.5,6718.5,5.432,36494.892
1585194060000,6718.5,6720.5,6718.5,6719.5,1.202,8076.839
1585194120000,6719.5,6720.5,6719.5,6719.5,2.053,13795.1335
1585194180000,6719.5,6719.5,6717.5,6717.5,5.538,37201.515
1585194240000,6717.5,6722.5,6717.5,6722.5,1.202,8080.445
1585194300000,6722.5,6725.5,6721.5,6723,3.577,24048.171
1585194360000,6723,6723.5,6721.5,6721.5,6.207,41720.3505
1585194420000,6721.5,6726,6721.5,6726,1.599,10754.874
1585194480000,6726,6726,6726,6726,4.254,28612.404
1585194540000,6726,6726,6722.5,6722.5,1.847,12416.4575
