timestamp,price_volatility,volume_volatility,change_price_volatility,change_volume_volatility
2023-11-02 00:00:00,23.4,,,
2023-11-02 00:01:00,47.9,79.43,24.5,
2023-11-02 00:02:00,50.7,115.51,2.8,36.08
2023-11-02 00:03:00,23.0,122.56,-27.7,7.05
2023-11-02 00:04:00,56.2,428.29,33.2,305.73
2023-11-02 00:05:00,32.6,232.84,-23.6,-195.45
2023-11-02 00:06:00,56.3,73.75,23.7,-159.09
2023-11-02 00:07:00,74.2,305.11,17.9,231.36
2023-11-02 00:08:00,127.4,239.31,53.2,-65.8
2023-11-02 00:09:00,73.3,46.43,-54.1,-192.88
2023-11-02 00:10:00,71.3,200.62,-2.0,154.19
2023-11-02 00:11:00,63.5,302.3,-7.8,101.68
2023-11-02 00:12:00,103.1,54.33,39.6,-247.97
2023-11-02 00:13:00,62.1,403.2,-41.0,348.87
2023-11-02 00:14:00,28.4,46.32,-33.7,-356.88
2023-11-02 00:15:00,31.1,160.23,2.7,113.91
2023-11-02 00:16:00,59.4,18.68,28.3,-141.55
2023-11-02 00:17:00,37.0,29.56,-22.4,10.88
2023-11-02 00:18:00,50.5,298.62,13.5,269.06
2023-11-02 00:19:00,105.3,24.61,54.8,-274.01
2023-11-02 00:20:00,47.6,140.23,-57.7,115.62
2023-11-02 00:21:00,24.7,149.43,-22.9,9.2
2023-11-02 00:22:00,12.0,39.41,-12.7,-110.02
2023-11-02 00:23:00,10.6,19.4,-1.4,-20.01
2023-11-02 00:24:00,47.7,1.03,37.1,-18.37
2023-11-02 00:25:00,23.6,34.38,-24.1,33.35
2023-11-02 00:26:00,72.9,375.25,49.3,340.87
2023-11-02 00:27:00,29.7,305.93,-43.2,-69.32
2023-11-02 00:28:00,24.0,37.95,-5.7,-267.98
2023-11-02 00:29:00,40.5,87.64,16.5,49.69
2023-11-02 00:30:00,49.2,88.28,8.7,0.64
2023-11-02 00:31:00,37.9,103.46,-11.3,15.18
2023-11-02 00:32:00,54.0,150.05,16.1,46.59
2023-11-02 00:33:00,23.1,245.64,-30.9,95.59
2023-11-02 00:34:00,46.4,109.03,23.3,-136.61
2023-11-02 00:35:00,37.8,46.82,-8.6,-62.21
2023-11-02 00:36:00,46.5,14.54,8.7,-32.28
2023-11-02 00:37:00,47.0,3.67,0.5,-10.87
2023-11-02 00:38:00,16.5,81.02,-30.5,77.35
2023-11-02 00:39:00,18.5,21.25,2.0,-59.77
2023-11-02 00:40:00,17.3,88.02,-1.2,66.77
2023-11-02 00:41:00,15.1,66.55,-2.2,-21.47
2023-11-02 00:42:00,74.6,442.86,59.5,376.31
2023-11-02 00:43:00,29.7,354.19,-44.9,-88.67
2023-11-02 00:44:00,39.7,49.66,10.0,-304.53
2023-11-02 00:45:00,30.8,108.2,-8.9,58.54
2023-11-02 00:46:00,42.6,30.76,11.8,-77.44
2023-11-02 00:47:00,14.3,59.53,-28.3,28.77
2023-11-02 00:48:00,25.3,14.54,11.0,-44.99
2023-11-02 00:49:00,28.1,76.9,2.8,62.36
2023-11-02 00:50:00,21.0,61.99,-7.1,-14.91
2023-11-02 00:51:00,41.3,62.01,20.3,0.02
2023-11-02 00:52:00,26.3,56.38,-15.0,-5.63
2023-11-02 00:53:00,48.7,18.29,22.4,-38.09
2023-11-02 00:54:00,23.3,5.9,-25.4,-12.39
2023-11-02 00:55:00,57.3,193.12,34.0,187.22
2023-11-02 00:56:00,24.3,150.62,-33.0,-42.5
2023-11-02 00:57:00,48.8,26.96,24.5,-123.66
2023-11-02 00:58:00,58.3,265.82,9.5,238.86
2023-11-02 00:59:00,50.0,234.04,-8.3,-31.78
2023-11-02 01:00:00,31.7,45.17,-18.3,-188.87
2023-11-02 01:01:00,62.5,61.06,30.8,15.89
2023-11-02 01:02:00,101.2,102.61,38.7,41.55
2023-11-02 01:03:00,42.6,174.4,-58.6,71.79
2023-11-02 01:04:00,46.6,118.17,4.0,-56.23
2023-11-02 01:05:00,33.6,7.37,-13.0,-110.8
2023-11-02 01:06:00,34.0,143.73,0.4,136.36
2023-11-02 01:07:00,21.2,1.95,-12.8,-141.78
2023-11-02 01:08:00,40.3,90.83,19.1,88.88
2023-11-02 01:09:00,21.7,79.1,-18.6,-11.73
2023-11-02 01:10:00,60.9,92.59,39.2,13.49
2023-11-02 01:11:00,47.6,19.5,-13.3,-73.09
2023-11-02 01:12:00,12.6,146.0,-35.0,126.5
2023-11-02 01:13:00,46.4,177.75,33.8,31.75
2023-11-02 01:14:00,29.3,138.69,-17.1,-39.06
2023-11-02 01:15:00,22.9,14.0,-6.4,-124.69
2023-11-02 01:16:00,34.8,22.66,11.9,8.66
2023-11-02 01:17:00,34.7,27.16,-0.1,4.5
2023-11-02 01:18:00,23.5,68.6,-11.2,41.44
2023-11-02 01:19:00,24.5,55.68,1.0,-12.92
2023-11-02 01:20:00,22.0,12.93,-2.5,-42.75
2023-11-02 01:21:00,60.5,198.05,38.5,185.12
2023-11-02 01:22:00,62.7,198.02,2.2,-0.03
2023-11-02 01:23:00,36.4,307.6,-26.3,109.58
2023-11-02 01:24:00,28.9,62.1,-7.5,-245.5
2023-11-02 01:25:00,42.6,6.07,13.7,-56.03
2023-11-02 01:26:00,14.7,52.24,-27.9,46.17
2023-11-02 01:27:00,62.9,176.16,48.2,123.92
2023-11-02 01:28:00,22.6,201.26,-40.3,25.1
2023-11-02 01:29:00,27.6,45.56,5.0,-155.7
2023-11-02 01:30:00,32.7,3.08,5.1,-42.48
2023-11-02 01:31:00,50.6,45.27,17.9,42.19
2023-11-02 01:32:00,42.6,263.12,-8.0,217.85
2023-11-02 01:33:00,22.2,301.59,-20.4,38.47
2023-11-02 01:34:00,36.1,214.29,13.9,-87.3
2023-11-02 01:35:00,37.5,257.62,1.4,43.33
2023-11-02 01:36:00,19.2,6.75,-18.3,-250.87
2023-11-02 01:37:00,16.8,1.63,-2.4,-5.12
2023-11-02 01:38:00,12.8,0.73,-4.0,-0.9
2023-11-02 01:39:00,19.3,11.52,6.5,10.79
2023-11-02 01:40:00,22.3,8.47,3.0,-3.05
2023-11-02 01:41:00,38.4,69.07,16.1,60.6
2023-11-02 01:42:00,29.1,22.68,-9.3,-46.39
2023-11-02 01:43:00,25.4,15.41,-3.7,-7.27
2023-11-02 01:44:00,38.2,3.02,12.8,-12.39
2023-11-02 01:45:00,16.4,58.51,-21.8,55.49
2023-11-02 01:46:00,13.1,38.44,-3.3,-20.07
2023-11-02 01:47:00,16.3,0.42,3.2,-38.02
2023-11-02 01:48:00,30.7,94.34,14.4,93.92
2023-11-02 01:49:00,9.1,15.38,-21.6,-78.96
2023-11-02 01:50:00,37.5,93.11,28.4,77.73
2023-11-02 01:51:00,31.6,45.65,-5.9,-47.46
2023-11-02 01:52:00,56.6,270.38,25.0,224.73
2023-11-02 01:53:00,48.3,247.1,-8.3,-23.28
2023-11-02 01:54:00,47.4,10.36,-0.9,-236.74
2023-11-02 01:55:00,56.0,76.28,8.6,65.92
2023-11-02 01:56:00,64.6,325.02,8.6,248.74
2023-11-02 01:57:00,49.8,267.09,-14.8,-57.93
2023-11-02 01:58:00,33.7,109.57,-16.1,-157.52
2023-11-02 01:59:00,14.0,197.74,-19.7,88.17
2023-11-02 02:00:00,28.2,101.51,14.2,-96.23
2023-11-02 02:01:00,71.3,514.89,43.1,413.38
2023-11-02 02:02:00,65.4,386.47,-5.9,-128.42
2023-11-02 02:03:00,53.4,133.89,-12.0,-252.58
2023-11-02 02:04:00,29.9,76.34,-23.5,-57.55
2023-11-02 02:05:00,42.1,40.91,12.2,-35.43
2023-11-02 02:06:00,77.1,349.79,35.0,308.88
2023-11-02 02:07:00,48.8,11.92,-28.3,-337.87
2023-11-02 02:08:00,60.0,329.49,11.2,317.57
2023-11-02 02:09:00,50.8,7.37,-9.2,-322.12
2023-11-02 02:10:00,53.9,4.37,3.1,-3.0
2023-11-02 02:11:00,61.7,101.18,7.8,96.81
2023-11-02 02:12:00,56.0,146.21,-5.7,45.03
2023-11-02 02:13:00,84.3,165.01,28.3,18.8
2023-11-02 02:14:00,49.4,71.37,-34.9,-93.64
2023-11-02 02:15:00,56.2,181.71,6.8,110.34
2023-11-02 02:16:00,79.8,540.82,23.6,359.11
2023-11-02 02:17:00,135.4,230.43,55.6,-310.39
2023-11-02 02:18:00,84.6,220.83,-50.8,-9.6
2023-11-02 02:19:00,82.9,164.73,-1.7,-56.1
2023-11-02 02:20:00,76.8,470.04,-6.1,305.31
2023-11-02 02:21:00,26.3,560.36,-50.5,90.32
2023-11-02 02:22:00,52.4,95.93,26.1,-464.43
2023-11-02 02:23:00,155.4,336.35,103.0,240.42
2023-11-02 02:24:00,141.8,188.34,-13.6,-148.01
2023-11-02 02:25:00,68.8,123.78,-73.0,-64.56
2023-11-02 02:26:00,49.7,352.47,-19.1,228.69
2023-11-02 02:27:00,78.4,328.51,28.7,-23.96
2023-11-02 02:28:00,389.0,4688.61,310.6,4360.1
2023-11-02 02:29:00,248.0,3309.63,-141.0,-1378.98
2023-11-02 02:30:00,327.1,1439.64,79.1,-1869.99
2023-11-02 02:31:00,158.9,1690.29,-168.2,250.65
2023-11-02 02:32:00,173.5,954.33,14.6,-735.96
2023-11-02 02:33:00,186.0,460.52,12.5,-493.81
2023-11-02 02:34:00,182.0,498.03,-4.0,37.51
2023-11-02 02:35:00,169.9,124.22,-12.1,-373.81
2023-11-02 02:36:00,98.0,1.51,-71.9,-122.71
2023-11-02 02:37:00,120.8,116.06,22.8,114.55
2023-11-02 02:38:00,93.4,528.63,-27.4,412.57
2023-11-02 02:39:00,147.8,427.08,54.4,-101.55
2023-11-02 02:40:00,112.8,1033.48,-35.0,606.4
2023-11-02 02:41:00,29.1,416.44,-83.7,-617.04
2023-11-02 02:42:00,153.1,458.82,124.0,42.38
2023-11-02 02:43:00,102.9,328.48,-50.2,-130.34
2023-11-02 02:44:00,102.1,42.24,-0.8,-286.24
2023-11-02 02:45:00,91.4,76.28,-10.7,34.04
2023-11-02 02:46:00,81.2,44.45,-10.2,-31.83
2023-11-02 02:47:00,136.7,329.17,55.5,284.72
2023-11-02 02:48:00,122.4,238.31,-14.3,-90.86
2023-11-02 02:49:00,77.2,13.27,-45.2,-225.04
2023-11-02 02:50:00,135.3,50.45,58.1,37.18
2023-11-02 02:51:00,35.9,333.25,-99.4,282.8
2023-11-02 02:52:00,60.4,109.86,24.5,-223.39
2023-11-02 02:53:00,49.1,39.17,-11.3,-70.69
2023-11-02 02:54:00,67.4,48.37,18.3,9.2
2023-11-02 02:55:00,63.7,155.68,-3.7,107.31
2023-11-02 02:56:00,43.3,111.01,-20.4,-44.67
2023-11-02 02:57:00,57.3,54.29,14.0,-56.72
2023-11-02 02:58:00,44.9,126.32,-12.4,72.03
2023-11-02 02:59:00,56.6,110.13,11.7,-16.19
2023-11-02 03:00:00,71.4,22.48,14.8,-87.65
2023-11-02 03:01:00,30.0,136.13,-41.4,113.65
2023-11-02 03:02:00,27.1,3.65,-2.9,-132.48
2023-11-02 03:03:00,56.2,117.43,29.1,113.78
2023-11-02 03:04:00,46.3,117.1,-9.9,-0.33
2023-11-02 03:05:00,27.4,6.1,-18.9,-111.0
2023-11-02 03:06:00,56.3,76.07,28.9,69.97
2023-11-02 03:07:00,31.6,61.25,-24.7,-14.82
2023-11-02 03:08:00,23.5,27.87,-8.1,-33.38
2023-11-02 03:09:00,19.5,17.74,-4.0,-10.13
2023-11-02 03:10:00,37.2,30.22,17.7,12.48
2023-11-02 03:11:00,40.3,19.03,3.1,-11.19
2023-11-02 03:12:00,68.2,116.4,27.9,97.37
2023-11-02 03:13:00,111.2,303.29,43.0,186.89
2023-11-02 03:14:00,106.0,251.93,-5.2,-51.36
2023-11-02 03:15:00,85.8,40.95,-20.2,-210.98
2023-11-02 03:16:00,79.1,28.47,-6.7,-12.48
2023-11-02 03:17:00,38.5,156.8,-40.6,128.33
2023-11-02 03:18:00,56.8,56.2,18.3,-100.6
2023-11-02 03:19:00,20.2,8.62,-36.6,-47.58
2023-11-02 03:20:00,50.1,46.84,29.9,38.22
2023-11-02 03:21:00,47.9,17.72,-2.2,-29.12
2023-11-02 03:22:00,38.6,95.79,-9.3,78.07
2023-11-02 03:23:00,67.7,7.3,29.1,-88.49
2023-11-02 03:24:00,52.9,48.15,-14.8,40.85
2023-11-02 03:25:00,66.8,30.89,13.9,-17.26
2023-11-02 03:26:00,45.5,12.72,-21.3,-18.17
2023-11-02 03:27:00,77.9,383.73,32.4,371.01
2023-11-02 03:28:00,55.8,107.79,-22.1,-275.94
2023-11-02 03:29:00,53.7,225.1,-2.1,117.31
2023-11-02 03:30:00,72.6,376.44,18.9,151.34
2023-11-02 03:31:00,50.0,123.56,-22.6,-252.88
2023-11-02 03:32:00,46.1,113.16,-3.9,-10.4
2023-11-02 03:33:00,79.1,187.79,33.0,74.63
2023-11-02 03:34:00,49.2,188.1,-29.9,0.31
2023-11-02 03:35:00,45.3,135.01,-3.9,-53.09
2023-11-02 03:36:00,47.9,39.75,2.6,-95.26
2023-11-02 03:37:00,33.4,3.61,-14.5,-36.14
2023-11-02 03:38:00,47.2,63.13,13.8,59.52
2023-11-02 03:39:00,43.8,56.76,-3.4,-6.37
2023-11-02 03:40:00,38.2,83.81,-5.6,27.05
2023-11-02 03:41:00,35.5,63.55,-2.7,-20.26
2023-11-02 03:42:00,50.9,101.89,15.4,38.34
2023-11-02 03:43:00,18.6,10.32,-32.3,-91.57
2023-11-02 03:44:00,52.1,45.16,33.5,34.84
2023-11-02 03:45:00,74.9,314.68,22.8,269.52
2023-11-02 03:46:00,108.5,171.24,33.6,-143.44
2023-11-02 03:47:00,76.8,146.63,-31.7,-24.61
2023-11-02 03:48:00,38.8,56.03,-38.0,-90.6
2023-11-02 03:49:00,37.4,23.13,-1.4,-32.9
2023-11-02 03:50:00,114.4,131.31,77.0,108.18
2023-11-02 03:51:00,56.8,70.97,-57.6,-60.34
2023-11-02 03:52:00,94.8,307.69,38.0,236.72
2023-11-02 03:53:00,38.0,309.9,-56.8,2.21
2023-11-02 03:54:00,39.5,37.75,1.5,-272.15
2023-11-02 03:55:00,56.5,35.83,17.0,-1.92
2023-11-02 03:56:00,61.9,46.01,5.4,10.18
2023-11-02 03:57:00,39.9,60.67,-22.0,14.66
2023-11-02 03:58:00,34.3,21.41,-5.6,-39.26
2023-11-02 03:59:00,44.4,88.09,10.1,66.68
2023-11-02 04:00:00,60.7,63.46,16.3,-24.63
2023-11-02 04:01:00,19.5,174.42,-41.2,110.96
2023-11-02 04:02:00,30.4,14.73,10.9,-159.69
2023-11-02 04:03:00,37.0,31.48,6.6,16.75
2023-11-02 04:04:00,22.4,43.77,-14.6,12.29
2023-11-02 04:05:00,26.9,69.81,4.5,26.04
2023-11-02 04:06:00,46.7,160.01,19.8,90.2
2023-11-02 04:07:00,29.9,125.56,-16.8,-34.45
2023-11-02 04:08:00,40.1,94.81,10.2,-30.75
2023-11-02 04:09:00,63.1,19.53,23.0,-75.28
2023-11-02 04:10:00,25.0,15.6,-38.1,-3.93
2023-11-02 04:11:00,19.1,44.63,-5.9,29.03
2023-11-02 04:12:00,30.1,14.25,11.0,-30.38
2023-11-02 04:13:00,57.7,4.82,27.6,-9.43
2023-11-02 04:14:00,63.5,97.83,5.8,93.01
2023-11-02 04:15:00,39.1,61.05,-24.4,-36.78
2023-11-02 04:16:00,43.6,24.39,4.5,-36.66
2023-11-02 04:17:00,30.7,102.19,-12.9,77.8
2023-11-02 04:18:00,12.9,52.89,-17.8,-49.3
2023-11-02 04:19:00,4.4,1.71,-8.5,-51.18
2023-11-02 04:20:00,36.1,10.05,31.7,8.34
2023-11-02 04:21:00,30.5,14.64,-5.6,4.59
2023-11-02 04:22:00,19.9,19.77,-10.6,5.13
2023-11-02 04:23:00,37.6,15.4,17.7,-4.37
2023-11-02 04:24:00,14.2,49.76,-23.4,34.36
2023-11-02 04:25:00,20.3,45.78,6.1,-3.98
2023-11-02 04:26:00,14.7,11.74,-5.6,-34.04
2023-11-02 04:27:00,21.9,6.22,7.2,-5.52
2023-11-02 04:28:00,44.2,47.97,22.3,41.75
2023-11-02 04:29:00,42.7,18.5,-1.5,-29.47
2023-11-02 04:30:00,58.8,36.31,16.1,17.81
2023-11-02 04:31:00,42.6,19.06,-16.2,-17.25
2023-11-02 04:32:00,44.8,75.88,2.2,56.82
2023-11-02 04:33:00,29.8,15.64,-15.0,-60.24
2023-11-02 04:34:00,29.7,13.83,-0.1,-1.81
2023-11-02 04:35:00,16.7,5.63,-13.0,-8.2
2023-11-02 04:36:00,35.0,38.51,18.3,32.88
2023-11-02 04:37:00,30.1,15.7,-4.9,-22.81
2023-11-02 04:38:00,11.2,10.81,-18.9,-4.89
2023-11-02 04:39:00,30.3,27.46,19.1,16.65
2023-11-02 04:40:00,27.0,1.11,-3.3,-26.35
2023-11-02 04:41:00,15.8,17.58,-11.2,16.47
2023-11-02 04:42:00,20.5,33.56,4.7,15.98
2023-11-02 04:43:00,25.8,83.13,5.3,49.57
2023-11-02 04:44:00,39.4,43.09,13.6,-40.04
2023-11-02 04:45:00,23.7,121.99,-15.7,78.9
2023-11-02 04:46:00,49.2,229.14,25.5,107.15
2023-11-02 04:47:00,44.4,161.07,-4.8,-68.07
2023-11-02 04:48:00,46.8,33.87,2.4,-127.2
2023-11-02 04:49:00,41.8,8.28,-5.0,-25.59
2023-11-02 04:50:00,40.7,2.91,-1.1,-5.37
2023-11-02 04:51:00,42.1,30.44,1.4,27.53
2023-11-02 04:52:00,27.3,39.39,-14.8,8.95
2023-11-02 04:53:00,35.3,45.13,8.0,5.74
2023-11-02 04:54:00,29.1,32.59,-6.2,-12.54
2023-11-02 04:55:00,49.3,84.92,20.2,52.33
2023-11-02 04:56:00,24.5,79.31,-24.8,-5.61
2023-11-02 04:57:00,36.3,17.93,11.8,-61.38
2023-11-02 04:58:00,32.8,4.71,-3.5,-13.22
2023-11-02 04:59:00,23.3,35.91,-9.5,31.2
2023-11-02 05:00:00,25.5,1.94,2.2,-33.97
2023-11-02 05:01:00,34.5,36.27,9.0,34.33
2023-11-02 05:02:00,26.5,42.17,-8.0,5.9
2023-11-02 05:03:00,32.0,32.26,5.5,-9.91
2023-11-02 05:04:00,22.7,15.62,-9.3,-16.64
2023-11-02 05:05:00,25.2,10.35,2.5,-5.27
2023-11-02 05:06:00,26.5,1.98,1.3,-8.37
2023-11-02 05:07:00,38.0,5.02,11.5,3.04
2023-11-02 05:08:00,28.4,15.84,-9.6,10.82
2023-11-02 05:09:00,9.4,3.21,-19.0,-12.63
2023-11-02 05:10:00,13.6,29.1,4.2,25.89
2023-11-02 05:11:00,23.1,30.43,9.5,1.33
2023-11-02 05:12:00,21.7,23.92,-1.4,-6.51
2023-11-02 05:13:00,19.2,27.84,-2.5,3.92
2023-11-02 05:14:00,18.9,18.61,-0.3,-9.23
2023-11-02 05:15:00,59.1,157.15,40.2,138.54
2023-11-02 05:16:00,8.5,139.03,-50.6,-18.12
2023-11-02 05:17:00,30.1,41.35,21.6,-97.68
2023-11-02 05:18:00,22.3,22.8,-7.8,-18.55
2023-11-02 05:19:00,18.0,17.69,-4.3,-5.11
2023-11-02 05:20:00,24.6,15.58,6.6,-2.11
2023-11-02 05:21:00,18.2,9.23,-6.4,-6.35
2023-11-02 05:22:00,14.8,5.0,-3.4,-4.23
2023-11-02 05:23:00,15.4,15.82,0.6,10.82
2023-11-02 05:24:00,15.6,0.12,0.2,-15.7
2023-11-02 05:25:00,23.0,25.16,7.4,25.04
2023-11-02 05:26:00,34.5,18.1,11.5,-7.06
2023-11-02 05:27:00,19.6,34.35,-14.9,16.25
2023-11-02 05:28:00,23.5,15.92,3.9,-18.43
2023-11-02 05:29:00,5.1,46.32,-18.4,30.4
2023-11-02 05:30:00,33.8,103.86,28.7,57.54
2023-11-02 05:31:00,31.4,21.2,-2.4,-82.66
2023-11-02 05:32:00,36.4,102.3,5.0,81.1
2023-11-02 05:33:00,58.1,11.31,21.7,-90.99
2023-11-02 05:34:00,38.9,64.73,-19.2,53.42
2023-11-02 05:35:00,29.0,5.61,-9.9,-59.12
2023-11-02 05:36:00,24.2,88.71,-4.8,83.1
2023-11-02 05:37:00,39.9,97.91,15.7,9.2
2023-11-02 05:38:00,37.5,73.89,-2.4,-24.02
2023-11-02 05:39:00,67.9,68.83,30.4,-5.06
2023-11-02 05:40:00,27.6,74.45,-40.3,5.62
2023-11-02 05:41:00,17.6,4.76,-10.0,-69.69
2023-11-02 05:42:00,42.7,2.45,25.1,-2.31
2023-11-02 05:43:00,51.9,156.75,9.2,154.3
2023-11-02 05:44:00,49.9,62.72,-2.0,-94.03
2023-11-02 05:45:00,44.4,45.05,-5.5,-17.67
2023-11-02 05:46:00,30.8,96.53,-13.6,51.48
2023-11-02 05:47:00,31.3,55.32,0.5,-41.21
2023-11-02 05:48:00,49.2,37.77,17.9,-17.55
2023-11-02 05:49:00,39.7,13.84,-9.5,-23.93
2023-11-02 05:50:00,32.1,65.58,-7.6,51.74
2023-11-02 05:51:00,38.8,101.92,6.7,36.34
2023-11-02 05:52:00,17.4,53.35,-21.4,-48.57
2023-11-02 05:53:00,100.0,588.59,82.6,535.24
2023-11-02 05:54:00,70.7,213.55,-29.3,-375.04
2023-11-02 05:55:00,52.9,278.34,-17.8,64.79
2023-11-02 05:56:00,41.5,41.39,-11.4,-236.95
2023-11-02 05:57:00,43.5,25.06,2.0,-16.33
2023-11-02 05:58:00,33.2,29.32,-10.3,4.26
2023-11-02 05:59:00,57.0,71.05,23.8,41.73
2023-11-02 06:00:00,69.4,164.31,12.4,93.26
2023-11-02 06:01:00,25.3,269.78,-44.1,105.47
2023-11-02 06:02:00,39.2,44.98,13.9,-224.8
2023-11-02 06:03:00,41.0,9.9,1.8,-35.08
2023-11-02 06:04:00,26.9,23.54,-14.1,13.64
2023-11-02 06:05:00,31.5,69.92,4.6,46.38
2023-11-02 06:06:00,28.6,19.01,-2.9,-50.91
2023-11-02 06:07:00,33.7,78.59,5.1,59.58
2023-11-02 06:08:00,19.8,54.81,-13.9,-23.78
2023-11-02 06:09:00,37.3,6.11,17.5,-48.7
2023-11-02 06:10:00,49.5,359.11,12.2,353.0
2023-11-02 06:11:00,54.2,132.19,4.7,-226.92
2023-11-02 06:12:00,43.4,163.81,-10.8,31.62
2023-11-02 06:13:00,31.6,23.46,-11.8,-140.35
2023-11-02 06:14:00,41.7,6.14,10.1,-17.32
2023-11-02 06:15:00,39.8,163.09,-1.9,156.95
2023-11-02 06:16:00,19.4,239.82,-20.4,76.73
2023-11-02 06:17:00,18.4,23.15,-1.0,-216.67
2023-11-02 06:18:00,24.1,12.19,5.7,-10.96
2023-11-02 06:19:00,24.9,34.67,0.8,22.48
2023-11-02 06:20:00,33.2,6.2,8.3,-28.47
2023-11-02 06:21:00,47.1,136.98,13.9,130.78
2023-11-02 06:22:00,35.3,128.64,-11.8,-8.34
2023-11-02 06:23:00,34.4,8.01,-0.9,-120.63
2023-11-02 06:24:00,19.8,22.47,-14.6,14.46
2023-11-02 06:25:00,24.8,21.22,5.0,-1.25
2023-11-02 06:26:00,24.2,24.8,-0.6,3.58
2023-11-02 06:27:00,17.9,73.5,-6.3,48.7
2023-11-02 06:28:00,11.9,81.51,-6.0,8.01
2023-11-02 06:29:00,29.2,27.94,17.3,-53.57
2023-11-02 06:30:00,29.9,23.92,0.7,-4.02
2023-11-02 06:31:00,41.6,79.93,11.7,56.01
2023-11-02 06:32:00,34.9,4.43,-6.7,-75.5
2023-11-02 06:33:00,19.7,21.91,-15.2,17.48
2023-11-02 06:34:00,14.5,23.61,-5.2,1.7
2023-11-02 06:35:00,13.7,26.61,-0.8,3.0
2023-11-02 06:36:00,17.1,15.09,3.4,-11.52
2023-11-02 06:37:00,47.9,53.26,30.8,38.17
2023-11-02 06:38:00,21.4,15.37,-26.5,-37.89
2023-11-02 06:39:00,17.0,53.15,-4.4,37.78
2023-11-02 06:40:00,13.7,16.17,-3.3,-36.98
2023-11-02 06:41:00,33.1,15.29,19.4,-0.88
2023-11-02 06:42:00,30.8,44.55,-2.3,29.26
2023-11-02 06:43:00,13.8,42.67,-17.0,-1.88
2023-11-02 06:44:00,20.3,42.67,6.5,0.0
2023-11-02 06:45:00,23.9,46.2,3.6,3.53
2023-11-02 06:46:00,10.8,2.16,-13.1,-44.04
2023-11-02 06:47:00,11.9,1.01,1.1,-1.15
2023-11-02 06:48:00,31.8,272.65,19.9,271.64
2023-11-02 06:49:00,65.2,50.92,33.4,-221.73
2023-11-02 06:50:00,27.3,286.21,-37.9,235.29
2023-11-02 06:51:00,32.4,23.4,5.1,-262.81
2023-11-02 06:52:00,14.6,58.04,-17.8,34.64
2023-11-02 06:53:00,46.0,83.98,31.4,25.94
2023-11-02 06:54:00,32.4,57.39,-13.6,-26.59
2023-11-02 06:55:00,19.6,22.06,-12.8,-35.33
2023-11-02 06:56:00,32.0,15.26,12.4,-6.8
2023-11-02 06:57:00,12.9,13.63,-19.1,-1.63
2023-11-02 06:58:00,47.4,16.96,34.5,3.33
2023-11-02 06:59:00,38.0,61.45,-9.4,44.49
2023-11-02 07:00:00,43.2,83.2,5.2,21.75
2023-11-02 07:01:00,30.5,129.3,-12.7,46.1
2023-11-02 07:02:00,25.1,21.71,-5.4,-107.59
2023-11-02 07:03:00,29.6,3.4,4.5,-18.31
2023-11-02 07:04:00,9.9,3.74,-19.7,0.34
2023-11-02 07:05:00,38.9,51.81,29.0,48.07
2023-11-02 07:06:00,38.4,22.91,-0.5,-28.9
2023-11-02 07:07:00,30.1,13.02,-8.3,-9.89
2023-11-02 07:08:00,13.0,69.01,-17.1,55.99
2023-11-02 07:09:00,11.1,28.85,-1.9,-40.16
2023-11-02 07:10:00,40.0,102.91,28.9,74.06
2023-11-02 07:11:00,19.6,67.44,-20.4,-35.47
2023-11-02 07:12:00,21.2,12.04,1.6,-55.4
2023-11-02 07:13:00,10.7,3.64,-10.5,-8.4
2023-11-02 07:14:00,56.2,179.71,45.5,176.07
2023-11-02 07:15:00,48.5,177.33,-7.7,-2.38
2023-11-02 07:16:00,43.0,84.39,-5.5,-92.94
2023-11-02 07:17:00,24.6,105.93,-18.4,21.54
2023-11-02 07:18:00,41.2,6.95,16.6,-98.98
2023-11-02 07:19:00,25.8,6.26,-15.4,-0.69
2023-11-02 07:20:00,23.6,25.38,-2.2,19.12
2023-11-02 07:21:00,21.6,23.21,-2.0,-2.17
2023-11-02 07:22:00,34.9,106.9,13.3,83.69
2023-11-02 07:23:00,51.4,65.32,16.5,-41.58
2023-11-02 07:24:00,16.7,167.01,-34.7,101.69
2023-11-02 07:25:00,32.5,8.89,15.8,-158.12
2023-11-02 07:26:00,16.0,21.11,-16.5,12.22
2023-11-02 07:27:00,14.2,31.84,-1.8,10.73
2023-11-02 07:28:00,26.6,35.65,12.4,3.81
2023-11-02 07:29:00,24.4,23.62,-2.2,-12.03
2023-11-02 07:30:00,26.2,3.35,1.8,-20.27
2023-11-02 07:31:00,31.2,8.27,5.0,4.92
2023-11-02 07:32:00,22.9,8.02,-8.3,-0.25
2023-11-02 07:33:00,29.3,16.23,6.4,8.21
2023-11-02 07:34:00,17.8,12.1,-11.5,-4.13
2023-11-02 07:35:00,31.2,16.08,13.4,3.98
2023-11-02 07:36:00,27.8,19.19,-3.4,3.11
2023-11-02 07:37:00,19.0,65.76,-8.8,46.57
2023-11-02 07:38:00,22.1,6.93,3.1,-58.83
2023-11-02 07:39:00,7.6,26.52,-14.5,19.59
2023-11-02 07:40:00,27.2,30.12,19.6,3.6
2023-11-02 07:41:00,16.3,6.05,-10.9,-24.07
2023-11-02 07:42:00,21.0,9.25,4.7,3.2
2023-11-02 07:43:00,10.9,11.64,-10.1,2.39
2023-11-02 07:44:00,9.3,9.3,-1.6,-2.34
2023-11-02 07:45:00,57.5,52.74,48.2,43.44
2023-11-02 07:46:00,24.3,29.42,-33.2,-23.32
2023-11-02 07:47:00,15.9,98.64,-8.4,69.22
2023-11-02 07:48:00,39.2,4.55,23.3,-94.09
2023-11-02 07:49:00,36.8,89.5,-2.4,84.95
2023-11-02 07:50:00,124.3,582.04,87.5,492.54
2023-11-02 07:51:00,54.6,272.93,-69.7,-309.11
2023-11-02 07:52:00,23.0,223.72,-31.6,-49.21
2023-11-02 07:53:00,23.7,59.33,0.7,-164.39
2023-11-02 07:54:00,43.4,17.54,19.7,-41.79
2023-11-02 07:55:00,29.2,51.33,-14.2,33.79
2023-11-02 07:56:00,34.2,34.72,5.0,-16.61
2023-11-02 07:57:00,32.7,4.33,-1.5,-30.39
2023-11-02 07:58:00,22.4,29.31,-10.3,24.98
2023-11-02 07:59:00,5.0,12.36,-17.4,-16.95
2023-11-02 08:00:00,29.3,21.81,24.3,9.45
2023-11-02 08:01:00,78.0,130.47,48.7,108.66
2023-11-02 08:02:00,42.0,55.29,-36.0,-75.18
2023-11-02 08:03:00,21.3,84.43,-20.7,29.14
2023-11-02 08:04:00,20.7,16.14,-0.6,-68.29
2023-11-02 08:05:00,66.4,114.57,45.7,98.43
2023-11-02 08:06:00,50.0,87.36,-16.4,-27.21
2023-11-02 08:07:00,12.7,23.36,-37.3,-64.0
2023-11-02 08:08:00,13.1,18.97,0.4,-4.39
2023-11-02 08:09:00,32.8,128.02,19.7,109.05
2023-11-02 08:10:00,34.5,17.96,1.7,-110.06
2023-11-02 08:11:00,241.1,2215.73,206.6,2197.77
2023-11-02 08:12:00,189.7,1362.93,-51.4,-852.8
2023-11-02 08:13:00,71.5,531.31,-118.2,-831.62
2023-11-02 08:14:00,55.4,284.08,-16.1,-247.23
2023-11-02 08:15:00,63.9,59.53,8.5,-224.55
2023-11-02 08:16:00,148.4,701.14,84.5,641.61
2023-11-02 08:17:00,256.3,1361.92,107.9,660.78
2023-11-02 08:18:00,137.8,1459.37,-118.5,97.45
2023-11-02 08:19:00,79.4,570.68,-58.4,-888.69
2023-11-02 08:20:00,95.0,81.95,15.6,-488.73
2023-11-02 08:21:00,75.0,57.22,-20.0,-24.73
2023-11-02 08:22:00,48.9,5.74,-26.1,-51.48
2023-11-02 08:23:00,111.3,215.32,62.4,209.58
2023-11-02 08:24:00,42.8,338.44,-68.5,123.12
2023-11-02 08:25:00,70.8,105.56,28.0,-232.88
2023-11-02 08:26:00,52.5,36.76,-18.3,-68.8
2023-11-02 08:27:00,63.9,115.77,11.4,79.01
2023-11-02 08:28:00,70.5,45.67,6.6,-70.1
2023-11-02 08:29:00,49.6,123.44,-20.9,77.77
2023-11-02 08:30:00,63.8,280.04,14.2,156.6
2023-11-02 08:31:00,27.7,363.64,-36.1,83.6
2023-11-02 08:32:00,43.5,82.0,15.8,-281.64
2023-11-02 08:33:00,24.2,112.65,-19.3,30.65
2023-11-02 08:34:00,38.8,106.29,14.6,-6.36
2023-11-02 08:35:00,58.7,16.95,19.9,-89.34
2023-11-02 08:36:00,47.2,32.48,-11.5,15.53
2023-11-02 08:37:00,43.6,60.39,-3.6,27.91
2023-11-02 08:38:00,38.9,16.96,-4.7,-43.43
2023-11-02 08:39:00,34.8,11.63,-4.1,-5.33
2023-11-02 08:40:00,24.8,19.47,-10.0,7.84
2023-11-02 08:41:00,45.4,112.97,20.6,93.5
2023-11-02 08:42:00,62.0,117.99,16.6,5.02
2023-11-02 08:43:00,37.0,192.54,-25.0,74.55
2023-11-02 08:44:00,53.9,14.63,16.9,-177.91
2023-11-02 08:45:00,39.5,15.72,-14.4,1.09
2023-11-02 08:46:00,50.8,26.71,11.3,10.99
2023-11-02 08:47:00,22.9,20.07,-27.9,-6.64
2023-11-02 08:48:00,57.8,4.57,34.9,-15.5
2023-11-02 08:49:00,29.0,4.69,-28.8,0.12
2023-11-02 08:50:00,34.8,53.58,5.8,48.89
2023-11-02 08:51:00,38.0,49.48,3.2,-4.1
2023-11-02 08:52:00,29.9,85.31,-8.1,35.83
2023-11-02 08:53:00,56.6,50.13,26.7,-35.18
2023-11-02 08:54:00,47.3,86.72,-9.3,36.59
2023-11-02 08:55:00,43.4,115.82,-3.9,29.1
2023-11-02 08:56:00,27.1,28.67,-16.3,-87.15
2023-11-02 08:57:00,16.0,6.75,-11.1,-21.92
2023-11-02 08:58:00,42.9,93.62,26.9,86.87
2023-11-02 08:59:00,34.9,23.28,-8.0,-70.34
2023-11-02 09:00:00,75.0,243.72,40.1,220.44
2023-11-02 09:01:00,72.3,43.93,-2.7,-199.79
2023-11-02 09:02:00,29.9,178.88,-42.4,134.95
2023-11-02 09:03:00,32.9,91.13,3.0,-87.75
2023-11-02 09:04:00,24.3,11.58,-8.6,-79.55
2023-11-02 09:05:00,15.4,38.97,-8.9,27.39
2023-11-02 09:06:00,22.7,27.0,7.3,-11.97
2023-11-02 09:07:00,26.3,42.67,3.6,15.67
2023-11-02 09:08:00,33.3,26.09,7.0,-16.58
2023-11-02 09:09:00,14.6,60.44,-18.7,34.35
2023-11-02 09:10:00,18.9,8.56,4.3,-51.88
2023-11-02 09:11:00,9.7,23.4,-9.2,14.84
2023-11-02 09:12:00,22.0,34.71,12.3,11.31
2023-11-02 09:13:00,38.3,79.17,16.3,44.46
2023-11-02 09:14:00,21.5,72.21,-16.8,-6.96
2023-11-02 09:15:00,15.2,20.11,-6.3,-52.1
2023-11-02 09:16:00,31.7,70.24,16.5,50.13
2023-11-02 09:17:00,28.7,4.79,-3.0,-65.45
2023-11-02 09:18:00,57.5,8.94,28.8,4.15
2023-11-02 09:19:00,13.9,77.64,-43.6,68.7
2023-11-02 09:20:00,17.8,8.94,3.9,-68.7
2023-11-02 09:21:00,24.4,15.02,6.6,6.08
2023-11-02 09:22:00,22.8,6.84,-1.6,-8.18
2023-11-02 09:23:00,14.0,4.62,-8.8,-2.22
2023-11-02 09:24:00,27.7,29.15,13.7,24.53
2023-11-02 09:25:00,20.8,9.91,-6.9,-19.24
2023-11-02 09:26:00,4.5,4.15,-16.3,-5.76
2023-11-02 09:27:00,21.7,13.91,17.2,9.76
2023-11-02 09:28:00,10.7,18.44,-11.0,4.53
2023-11-02 09:29:00,16.0,69.68,5.3,51.24
2023-11-02 09:30:00,32.1,36.94,16.1,-32.74
2023-11-02 09:31:00,15.6,21.86,-16.5,-15.08
2023-11-02 09:32:00,6.8,9.45,-8.8,-12.41
2023-11-02 09:33:00,20.0,9.22,13.2,-0.23
2023-11-02 09:34:00,29.2,92.23,9.2,83.01
2023-11-02 09:35:00,27.9,61.65,-1.3,-30.58
2023-11-02 09:36:00,18.5,33.56,-9.4,-28.09
2023-11-02 09:37:00,109.4,674.77,90.9,641.21
2023-11-02 09:38:00,38.9,544.01,-70.5,-130.76
2023-11-02 09:39:00,17.8,90.89,-21.1,-453.12
2023-11-02 09:40:00,38.8,66.87,21.0,-24.02
2023-11-02 09:41:00,38.4,55.18,-0.4,-11.69
2023-11-02 09:42:00,10.2,31.34,-28.2,-23.84
2023-11-02 09:43:00,7.0,26.44,-3.2,-4.9
2023-11-02 09:44:00,9.8,42.42,2.8,15.98
2023-11-02 09:45:00,18.0,6.01,8.2,-36.41
2023-11-02 09:46:00,5.9,16.07,-12.1,10.06
2023-11-02 09:47:00,5.9,11.96,0.0,-4.11
2023-11-02 09:48:00,68.1,389.17,62.2,377.21
2023-11-02 09:49:00,39.1,369.57,-29.0,-19.6
2023-11-02 09:50:00,11.3,29.26,-27.8,-340.31
2023-11-02 09:51:00,36.1,40.82,24.8,11.56
2023-11-02 09:52:00,27.1,8.57,-9.0,-32.25
2023-11-02 09:53:00,18.6,34.02,-8.5,25.45
2023-11-02 09:54:00,12.7,9.65,-5.9,-24.37
2023-11-02 09:55:00,17.9,8.89,5.2,-0.76
2023-11-02 09:56:00,26.1,8.05,8.2,-0.84
2023-11-02 09:57:00,30.1,11.02,4.0,2.97
2023-11-02 09:58:00,43.7,227.33,13.6,216.31
2023-11-02 09:59:00,17.1,175.5,-26.6,-51.83
2023-11-02 10:00:00,11.1,54.91,-6.0,-120.59
2023-11-02 10:01:00,20.8,18.18,9.7,-36.73
2023-11-02 10:02:00,14.5,16.34,-6.3,-1.84
2023-11-02 10:03:00,17.8,92.53,3.3,76.19
2023-11-02 10:04:00,21.2,94.2,3.4,1.67
2023-11-02 10:05:00,9.2,23.66,-12.0,-70.54
2023-11-02 10:06:00,4.9,33.83,-4.3,10.17
2023-11-02 10:07:00,19.4,2.82,14.5,-31.01
2023-11-02 10:08:00,51.9,96.25,32.5,93.43
2023-11-02 10:09:00,13.3,133.01,-38.6,36.76
2023-11-02 10:10:00,24.3,28.18,11.0,-104.83
2023-11-02 10:11:00,19.7,22.44,-4.6,-5.74
2023-11-02 10:12:00,22.6,14.11,2.9,-8.33
2023-11-02 10:13:00,18.2,17.87,-4.4,3.76
2023-11-02 10:14:00,6.8,34.32,-11.4,16.45
2023-11-02 10:15:00,16.7,26.29,9.9,-8.03
2023-11-02 10:16:00,37.2,130.65,20.5,104.36
2023-11-02 10:17:00,20.6,128.59,-16.6,-2.06
2023-11-02 10:18:00,12.6,8.59,-8.0,-120.0
2023-11-02 10:19:00,7.2,3.36,-5.4,-5.23
2023-11-02 10:20:00,10.2,3.56,3.0,0.2
2023-11-02 10:21:00,25.9,52.77,15.7,49.21
2023-11-02 10:22:00,35.6,4.82,9.7,-47.95
2023-11-02 10:23:00,45.2,184.02,9.6,179.2
2023-11-02 10:24:00,13.2,194.25,-32.0,10.23
2023-11-02 10:25:00,20.3,22.38,7.1,-171.87
2023-11-02 10:26:00,37.8,16.71,17.5,-5.67
2023-11-02 10:27:00,30.7,18.0,-7.1,1.29
2023-11-02 10:28:00,34.1,19.4,3.4,1.4
2023-11-02 10:29:00,26.1,1.59,-8.0,-17.81
2023-11-02 10:30:00,26.1,23.58,0.0,21.99
2023-11-02 10:31:00,33.0,84.86,6.9,61.28
2023-11-02 10:32:00,50.5,16.66,17.5,-68.2
2023-11-02 10:33:00,33.4,56.65,-17.1,39.99
2023-11-02 10:34:00,21.5,53.17,-11.9,-3.48
2023-11-02 10:35:00,46.2,340.98,24.7,287.81
2023-11-02 10:36:00,44.4,73.03,-1.8,-267.95
2023-11-02 10:37:00,29.3,229.79,-15.1,156.76
2023-11-02 10:38:00,30.4,173.58,1.1,-56.21
2023-11-02 10:39:00,20.8,145.25,-9.6,-28.33
2023-11-02 10:40:00,42.4,88.83,21.6,-56.42
2023-11-02 10:41:00,21.2,40.34,-21.2,-48.49
2023-11-02 10:42:00,40.5,190.97,19.3,150.63
2023-11-02 10:43:00,70.9,257.95,30.4,66.98
2023-11-02 10:44:00,44.7,384.56,-26.2,126.61
2023-11-02 10:45:00,61.1,278.79,16.4,-105.77
2023-11-02 10:46:00,38.4,352.73,-22.7,73.94
2023-11-02 10:47:00,28.1,48.9,-10.3,-303.83
2023-11-02 10:48:00,39.2,31.2,11.1,-17.7
2023-11-02 10:49:00,30.2,53.55,-9.0,22.35
2023-11-02 10:50:00,17.8,32.13,-12.4,-21.42
2023-11-02 10:51:00,29.7,77.48,11.9,45.35
2023-11-02 10:52:00,15.6,76.26,-14.1,-1.22
2023-11-02 10:53:00,21.5,54.46,5.9,-21.8
2023-11-02 10:54:00,47.1,72.67,25.6,18.21
2023-11-02 10:55:00,37.0,179.26,-10.1,106.59
2023-11-02 10:56:00,62.1,303.03,25.1,123.77
2023-11-02 10:57:00,66.7,88.62,4.6,-214.41
2023-11-02 10:58:00,44.9,632.89,-21.8,544.27
2023-11-02 10:59:00,19.4,27.0,-25.5,-605.89
2023-11-02 11:00:00,69.2,299.2,49.8,272.2
2023-11-02 11:01:00,52.9,144.42,-16.3,-154.78
2023-11-02 11:02:00,20.8,120.0,-32.1,-24.42
2023-11-02 11:03:00,19.2,10.59,-1.6,-109.41
2023-11-02 11:04:00,18.1,38.7,-1.1,28.11
2023-11-02 11:05:00,47.6,57.96,29.5,19.26
2023-11-02 11:06:00,34.5,11.65,-13.1,-46.31
2023-11-02 11:07:00,41.4,2.52,6.9,-9.13
2023-11-02 11:08:00,47.0,39.31,5.6,36.79
2023-11-02 11:09:00,15.6,38.73,-31.4,-0.58
2023-11-02 11:10:00,34.3,71.94,18.7,33.21
2023-11-02 11:11:00,33.4,26.35,-0.9,-45.59
2023-11-02 11:12:00,26.3,103.37,-7.1,77.02
2023-11-02 11:13:00,10.5,55.61,-15.8,-47.76
2023-11-02 11:14:00,56.7,35.62,46.2,-19.99
2023-11-02 11:15:00,28.1,106.39,-28.6,70.77
2023-11-02 11:16:00,21.9,111.4,-6.2,5.01
2023-11-02 11:17:00,17.8,100.84,-4.1,-10.56
2023-11-02 11:18:00,12.7,25.63,-5.1,-75.21
2023-11-02 11:19:00,14.7,36.89,2.0,11.26
2023-11-02 11:20:00,19.1,15.57,4.4,-21.32
2023-11-02 11:21:00,27.7,3.59,8.6,-11.98
2023-11-02 11:22:00,23.2,32.57,-4.5,28.98
2023-11-02 11:23:00,24.2,63.77,1.0,31.2
2023-11-02 11:24:00,5.9,6.61,-18.3,-57.16
2023-11-02 11:25:00,62.9,280.59,57.0,273.98
2023-11-02 11:26:00,98.7,88.33,35.8,-192.26
2023-11-02 11:27:00,32.2,147.41,-66.5,59.08
2023-11-02 11:28:00,18.9,45.24,-13.3,-102.17
2023-11-02 11:29:00,31.4,8.85,12.5,-36.39
2023-11-02 11:30:00,40.0,33.11,8.6,24.26
2023-11-02 11:31:00,68.8,12.91,28.8,-20.2
2023-11-02 11:32:00,17.2,36.25,-51.6,23.34
2023-11-02 11:33:00,38.8,1.22,21.6,-35.03
2023-11-02 11:34:00,20.3,14.82,-18.5,13.6
2023-11-02 11:35:00,19.4,41.23,-0.9,26.41
2023-11-02 11:36:00,18.4,3.42,-1.0,-37.81
2023-11-02 11:37:00,22.1,55.18,3.7,51.76
2023-11-02 11:38:00,26.5,65.58,4.4,10.4
2023-11-02 11:39:00,24.5,8.29,-2.0,-57.29
2023-11-02 11:40:00,37.1,11.9,12.6,3.61
2023-11-02 11:41:00,39.3,20.87,2.2,8.97
2023-11-02 11:42:00,19.1,64.74,-20.2,43.87
2023-11-02 11:43:00,17.5,24.48,-1.6,-40.26
2023-11-02 11:44:00,109.0,668.83,91.5,644.35
2023-11-02 11:45:00,86.9,129.09,-22.1,-539.74
2023-11-02 11:46:00,30.6,462.46,-56.3,333.37
2023-11-02 11:47:00,38.5,95.26,7.9,-367.2
2023-11-02 11:48:00,66.4,50.74,27.9,-44.52
2023-11-02 11:49:00,34.0,37.94,-32.4,-12.8
2023-11-02 11:50:00,49.1,101.53,15.1,63.59
2023-11-02 11:51:00,83.7,635.42,34.6,533.89
2023-11-02 11:52:00,42.9,705.21,-40.8,69.79
2023-11-02 11:53:00,48.9,63.3,6.0,-641.91
2023-11-02 11:54:00,19.3,7.37,-29.6,-55.93
2023-11-02 11:55:00,17.8,10.33,-1.5,2.96
2023-11-02 11:56:00,23.9,14.42,6.1,4.09
2023-11-02 11:57:00,22.6,12.89,-1.3,-1.53
2023-11-02 11:58:00,10.5,27.17,-12.1,14.28
2023-11-02 11:59:00,8.8,19.04,-1.7,-8.13
2023-11-02 12:00:00,35.2,29.64,26.4,10.6
2023-11-02 12:01:00,22.8,0.66,-12.4,-28.98
2023-11-02 12:02:00,50.1,140.01,27.3,139.35
2023-11-02 12:03:00,36.6,70.5,-13.5,-69.51
2023-11-02 12:04:00,28.4,5.12,-8.2,-65.38
2023-11-02 12:05:00,26.0,1.76,-2.4,-3.36
2023-11-02 12:06:00,14.4,103.3,-11.6,101.54
2023-11-02 12:07:00,16.8,13.42,2.4,-89.88
2023-11-02 12:08:00,14.6,10.78,-2.2,-2.64
2023-11-02 12:09:00,35.1,44.74,20.5,33.96
2023-11-02 12:10:00,20.6,17.23,-14.5,-27.51
2023-11-02 12:11:00,45.2,120.63,24.6,103.4
2023-11-02 12:12:00,6.0,179.76,-39.2,59.13
2023-11-02 12:13:00,21.6,35.98,15.6,-143.78
2023-11-02 12:14:00,15.0,6.2,-6.6,-29.78
2023-11-02 12:15:00,32.5,10.25,17.5,4.05
2023-11-02 12:16:00,25.0,24.04,-7.5,13.79
2023-11-02 12:17:00,21.3,51.16,-3.7,27.12
2023-11-02 12:18:00,26.7,50.42,5.4,-0.74
2023-11-02 12:19:00,7.9,8.61,-18.8,-41.81
2023-11-02 12:20:00,16.5,33.82,8.6,25.21
2023-11-02 12:21:00,38.1,180.98,21.6,147.16
2023-11-02 12:22:00,31.1,18.79,-7.0,-162.19
2023-11-02 12:23:00,23.4,109.02,-7.7,90.23
2023-11-02 12:24:00,14.3,53.8,-9.1,-55.22
2023-11-02 12:25:00,19.6,40.07,5.3,-13.73
2023-11-02 12:26:00,15.0,37.51,-4.6,-2.56
2023-11-02 12:27:00,23.2,21.72,8.2,-15.79
2023-11-02 12:28:00,21.7,1.89,-1.5,-19.83
2023-11-02 12:29:00,15.9,14.84,-5.8,12.95
2023-11-02 12:30:00,19.9,25.92,4.0,11.08
2023-11-02 12:31:00,30.2,5.65,10.3,-20.27
2023-11-02 12:32:00,14.4,20.26,-15.8,14.61
2023-11-02 12:33:00,13.7,18.52,-0.7,-1.74
2023-11-02 12:34:00,9.7,0.34,-4.0,-18.18
2023-11-02 12:35:00,33.0,12.85,23.3,12.51
2023-11-02 12:36:00,8.8,12.68,-24.2,-0.17
2023-11-02 12:37:00,19.2,7.92,10.4,-4.76
2023-11-02 12:38:00,19.3,41.97,0.1,34.05
2023-11-02 12:39:00,17.8,4.45,-1.5,-37.52
2023-11-02 12:40:00,35.3,61.6,17.5,57.15
2023-11-02 12:41:00,8.5,109.24,-26.8,47.64
2023-11-02 12:42:00,11.8,4.7,3.3,-104.54
2023-11-02 12:43:00,56.0,309.62,44.2,304.92
2023-11-02 12:44:00,20.1,240.88,-35.9,-68.74
2023-11-02 12:45:00,21.1,10.08,1.0,-230.8
2023-11-02 12:46:00,14.5,41.87,-6.6,31.79
2023-11-02 12:47:00,9.7,19.58,-4.8,-22.29
2023-11-02 12:48:00,9.9,21.15,0.2,1.57
2023-11-02 12:49:00,10.0,4.51,0.1,-16.64
2023-11-02 12:50:00,21.7,76.66,11.7,72.15
2023-11-02 12:51:00,16.8,80.78,-4.9,4.12
2023-11-02 12:52:00,35.1,19.82,18.3,-60.96
2023-11-02 12:53:00,11.2,12.91,-23.9,-6.91
2023-11-02 12:54:00,22.0,55.12,10.8,42.21
2023-11-02 12:55:00,15.0,18.56,-7.0,-36.56
2023-11-02 12:56:00,23.8,25.13,8.8,6.57
2023-11-02 12:57:00,20.6,2.4,-3.2,-22.73
2023-11-02 12:58:00,5.3,30.94,-15.3,28.54
2023-11-02 12:59:00,14.7,21.23,9.4,-9.71
2023-11-02 13:00:00,7.3,7.15,-7.4,-14.08
2023-11-02 13:01:00,3.5,23.69,-3.8,16.54
2023-11-02 13:02:00,2.6,0.41,-0.9,-23.28
2023-11-02 13:03:00,33.3,115.81,30.7,115.4
2023-11-02 13:04:00,12.2,43.92,-21.1,-71.89
2023-11-02 13:05:00,23.3,71.53,11.1,27.61
2023-11-02 13:06:00,18.7,85.7,-4.6,14.17
2023-11-02 13:07:00,30.5,105.02,11.8,19.32
2023-11-02 13:08:00,25.6,88.53,-4.9,-16.49
2023-11-02 13:09:00,13.1,41.6,-12.5,-46.93
2023-11-02 13:10:00,14.3,29.16,1.2,-12.44
2023-11-02 13:11:00,26.1,2.96,11.8,-26.2
2023-11-02 13:12:00,20.2,28.59,-5.9,25.63
2023-11-02 13:13:00,26.9,85.07,6.7,56.48
2023-11-02 13:14:00,13.8,68.43,-13.1,-16.64
2023-11-02 13:15:00,13.4,15.6,-0.4,-52.83
2023-11-02 13:16:00,39.8,28.86,26.4,13.26
2023-11-02 13:17:00,31.9,73.28,-7.9,44.42
2023-11-02 13:18:00,17.2,95.71,-14.7,22.43
2023-11-02 13:19:00,15.6,2.72,-1.6,-92.99
2023-11-02 13:20:00,15.5,5.38,-0.1,2.66
2023-11-02 13:21:00,11.0,8.15,-4.5,2.77
2023-11-02 13:22:00,25.6,2.46,14.6,-5.69
2023-11-02 13:23:00,23.2,10.19,-2.4,7.73
2023-11-02 13:24:00,13.9,16.1,-9.3,5.91
2023-11-02 13:25:00,10.0,35.38,-3.9,19.28
2023-11-02 13:26:00,6.1,1.48,-3.9,-33.9
2023-11-02 13:27:00,8.5,9.26,2.4,7.78
2023-11-02 13:28:00,21.2,10.99,12.7,1.73
2023-11-02 13:29:00,19.1,0.95,-2.1,-10.04
2023-11-02 13:30:00,22.3,89.16,3.2,88.21
2023-11-02 13:31:00,46.4,13.11,24.1,-76.05
2023-11-02 13:32:00,27.4,12.03,-19.0,-1.08
2023-11-02 13:33:00,30.7,13.57,3.3,1.54
2023-11-02 13:34:00,27.1,11.32,-3.6,-2.25
2023-11-02 13:35:00,76.4,290.21,49.3,278.89
2023-11-02 13:36:00,36.1,330.64,-40.3,40.43
2023-11-02 13:37:00,41.6,41.16,5.5,-289.48
2023-11-02 13:38:00,31.1,22.97,-10.5,-18.19
2023-11-02 13:39:00,39.7,84.55,8.6,61.58
2023-11-02 13:40:00,29.9,105.55,-9.8,21.0
2023-11-02 13:41:00,28.7,40.43,-1.2,-65.12
2023-11-02 13:42:00,52.2,161.01,23.5,120.58
2023-11-02 13:43:00,44.0,10.69,-8.2,-150.32
2023-11-02 13:44:00,16.7,114.06,-27.3,103.37
2023-11-02 13:45:00,53.5,38.32,36.8,-75.74
2023-11-02 13:46:00,33.6,118.34,-19.9,80.02
2023-11-02 13:47:00,22.3,131.42,-11.3,13.08
2023-11-02 13:48:00,19.2,20.5,-3.1,-110.92
2023-11-02 13:49:00,16.2,6.59,-3.0,-13.91
2023-11-02 13:50:00,19.7,2.8,3.5,-3.79
2023-11-02 13:51:00,36.9,57.17,17.2,54.37
2023-11-02 13:52:00,27.5,87.44,-9.4,30.27
2023-11-02 13:53:00,22.1,26.97,-5.4,-60.47
2023-11-02 13:54:00,11.4,16.92,-10.7,-10.05
2023-11-02 13:55:00,21.5,42.23,10.1,25.31
2023-11-02 13:56:00,23.5,50.16,2.0,7.93
2023-11-02 13:57:00,29.7,11.68,6.2,-38.48
2023-11-02 13:58:00,36.5,12.76,6.8,1.08
2023-11-02 13:59:00,10.7,51.97,-25.8,39.21
2023-11-02 14:00:00,34.8,20.56,24.1,-31.41
2023-11-02 14:01:00,30.4,23.22,-4.4,2.66
2023-11-02 14:02:00,16.8,55.7,-13.6,32.48
2023-11-02 14:03:00,19.6,20.2,2.8,-35.5
2023-11-02 14:04:00,12.0,26.79,-7.6,6.59
2023-11-02 14:05:00,31.2,23.56,19.2,-3.23
2023-11-02 14:06:00,36.5,21.99,5.3,-1.57
2023-11-02 14:07:00,14.5,0.61,-22.0,-21.38
2023-11-02 14:08:00,16.2,26.55,1.7,25.94
2023-11-02 14:09:00,12.8,21.9,-3.4,-4.65
2023-11-02 14:10:00,10.4,7.02,-2.4,-14.88
2023-11-02 14:11:00,9.7,9.76,-0.7,2.74
2023-11-02 14:12:00,20.8,5.3,11.1,-4.46
2023-11-02 14:13:00,24.3,31.19,3.5,25.89
2023-11-02 14:14:00,15.6,29.49,-8.7,-1.7
2023-11-02 14:15:00,7.8,34.89,-7.8,5.4
2023-11-02 14:16:00,18.4,104.52,10.6,69.63
2023-11-02 14:17:00,9.3,130.21,-9.1,25.69
2023-11-02 14:18:00,12.1,0.45,2.8,-129.76
2023-11-02 14:19:00,13.1,7.23,1.0,6.78
2023-11-02 14:20:00,7.9,26.63,-5.2,19.4
2023-11-02 14:21:00,9.7,28.64,1.8,2.01
2023-11-02 14:22:00,11.2,29.39,1.5,0.75
2023-11-02 14:23:00,8.8,12.35,-2.4,-17.04
2023-11-02 14:24:00,14.3,28.7,5.5,16.35
2023-11-02 14:25:00,8.9,12.68,-5.4,-16.02
2023-11-02 14:26:00,25.5,41.09,16.6,28.41
2023-11-02 14:27:00,10.5,79.1,-15.0,38.01
2023-11-02 14:28:00,9.1,12.58,-1.4,-66.52
2023-11-02 14:29:00,9.0,2.78,-0.1,-9.8
2023-11-02 14:30:00,24.0,95.48,15.0,92.7
2023-11-02 14:31:00,14.0,101.27,-10.0,5.79
2023-11-02 14:32:00,21.7,19.62,7.7,-81.65
2023-11-02 14:33:00,21.0,34.45,-0.7,14.83
2023-11-02 14:34:00,35.8,49.16,14.8,14.71
2023-11-02 14:35:00,16.5,113.14,-19.3,63.98
2023-11-02 14:36:00,7.6,1.55,-8.9,-111.59
2023-11-02 14:37:00,3.4,25.74,-4.2,24.19
2023-11-02 14:38:00,16.9,23.6,13.5,-2.14
2023-11-02 14:39:00,28.6,35.74,11.7,12.14
2023-11-02 14:40:00,17.8,6.22,-10.8,-29.52
2023-11-02 14:41:00,13.2,28.56,-4.6,22.34
2023-11-02 14:42:00,4.5,22.89,-8.7,-5.67
2023-11-02 14:43:00,6.2,9.9,1.7,-12.99
2023-11-02 14:44:00,7.0,0.05,0.8,-9.85
2023-11-02 14:45:00,9.7,21.14,2.7,21.09
2023-11-02 14:46:00,3.3,20.69,-6.4,-0.45
2023-11-02 14:47:00,30.1,25.72,26.8,5.03
2023-11-02 14:48:00,16.1,10.63,-14.0,-15.09
2023-11-02 14:49:00,32.3,27.69,16.2,17.06
2023-11-02 14:50:00,10.3,35.38,-22.0,7.69
2023-11-02 14:51:00,8.2,37.32,-2.1,1.94
2023-11-02 14:52:00,32.3,79.14,24.1,41.82
2023-11-02 14:53:00,13.2,23.07,-19.1,-56.07
2023-11-02 14:54:00,27.4,59.35,14.2,36.28
2023-11-02 14:55:00,10.1,105.15,-17.3,45.8
2023-11-02 14:56:00,13.4,2.15,3.3,-103.0
2023-11-02 14:57:00,13.4,110.32,0.0,108.17
2023-11-02 14:58:00,35.1,44.84,21.7,-65.48
2023-11-02 14:59:00,15.1,139.85,-20.0,95.01
2023-11-02 15:00:00,20.8,16.03,5.7,-123.82
2023-11-02 15:01:00,8.2,23.72,-12.6,7.69
2023-11-02 15:02:00,41.6,253.23,33.4,229.51
2023-11-02 15:03:00,13.6,248.58,-28.0,-4.65
2023-11-02 15:04:00,30.8,98.59,17.2,-149.99
2023-11-02 15:05:00,19.3,113.31,-11.5,14.72
2023-11-02 15:06:00,19.5,32.27,0.2,-81.04
2023-11-02 15:07:00,24.3,28.96,4.8,-3.31
2023-11-02 15:08:00,27.3,19.56,3.0,-9.4
2023-11-02 15:09:00,15.5,4.42,-11.8,-15.14
2023-11-02 15:10:00,19.7,3.46,4.2,-0.96
2023-11-02 15:11:00,17.9,47.74,-1.8,44.28
2023-11-02 15:12:00,12.6,75.21,-5.3,27.47
2023-11-02 15:13:00,33.1,144.95,20.5,69.74
2023-11-02 15:14:00,10.1,124.56,-23.0,-20.39
2023-11-02 15:15:00,24.3,81.6,14.2,-42.96
2023-11-02 15:16:00,28.6,42.42,4.3,-39.18
2023-11-02 15:17:00,3.2,74.86,-25.4,32.44
2023-11-02 15:18:00,32.1,99.73,28.9,24.87
2023-11-02 15:19:00,27.7,17.98,-4.4,-81.75
2023-11-02 15:20:00,10.7,69.08,-17.0,51.1
2023-11-02 15:21:00,16.8,2.41,6.1,-66.67
2023-11-02 15:22:00,15.8,6.45,-1.0,4.04
2023-11-02 15:23:00,7.0,6.85,-8.8,0.4
2023-11-02 15:24:00,6.0,17.67,-1.0,10.82
2023-11-02 15:25:00,25.2,99.75,19.2,82.08
2023-11-02 15:26:00,29.4,54.6,4.2,-45.15
2023-11-02 15:27:00,24.1,31.81,-5.3,-22.79
2023-11-02 15:28:00,10.0,59.17,-14.1,27.36
2023-11-02 15:29:00,10.9,17.66,0.9,-41.51
2023-11-02 15:30:00,10.2,6.48,-0.7,-11.18
2023-11-02 15:31:00,26.7,37.47,16.5,30.99
2023-11-02 15:32:00,14.0,45.82,-12.7,8.35
2023-11-02 15:33:00,8.0,14.42,-6.0,-31.4
2023-11-02 15:34:00,15.3,4.45,7.3,-9.97
2023-11-02 15:35:00,15.3,9.29,0.0,4.84
2023-11-02 15:36:00,26.9,9.94,11.6,0.65
2023-11-02 15:37:00,18.9,20.03,-8.0,10.09
2023-11-02 15:38:00,9.4,5.82,-9.5,-14.21
2023-11-02 15:39:00,10.5,40.66,1.1,34.84
2023-11-02 15:40:00,10.7,11.56,0.2,-29.1
2023-11-02 15:41:00,11.6,22.06,0.9,10.5
2023-11-02 15:42:00,10.4,30.76,-1.2,8.7
2023-11-02 15:43:00,26.7,12.54,16.3,-18.22
2023-11-02 15:44:00,18.1,12.81,-8.6,0.27
2023-11-02 15:45:00,29.7,17.73,11.6,4.92
2023-11-02 15:46:00,29.8,265.98,0.1,248.25
2023-11-02 15:47:00,28.7,73.15,-1.1,-192.83
2023-11-02 15:48:00,13.5,119.44,-15.2,46.29
2023-11-02 15:49:00,14.8,46.64,1.3,-72.8
2023-11-02 15:50:00,16.3,23.38,1.5,-23.26
2023-11-02 15:51:00,34.4,4.41,18.1,-18.97
2023-11-02 15:52:00,15.8,22.35,-18.6,17.94
2023-11-02 15:53:00,22.2,31.31,6.4,8.96
2023-11-02 15:54:00,27.5,70.71,5.3,39.4
2023-11-02 15:55:00,24.2,22.52,-3.3,-48.19
2023-11-02 15:56:00,33.6,107.7,9.4,85.18
2023-11-02 15:57:00,26.2,146.63,-7.4,38.93
2023-11-02 15:58:00,12.0,3.21,-14.2,-143.42
2023-11-02 15:59:00,30.9,24.21,18.9,21.0
2023-11-02 16:00:00,32.7,34.95,1.8,10.74
2023-11-02 16:01:00,49.4,144.42,16.7,109.47
2023-11-02 16:02:00,14.4,153.07,-35.0,8.65
2023-11-02 16:03:00,17.2,32.99,2.8,-120.08
2023-11-02 16:04:00,23.4,44.5,6.2,11.51
2023-11-02 16:05:00,25.1,42.32,1.7,-2.18
2023-11-02 16:06:00,14.9,31.28,-10.2,-11.04
2023-11-02 16:07:00,7.8,30.48,-7.1,-0.8
2023-11-02 16:08:00,15.7,50.51,7.9,20.03
2023-11-02 16:09:00,5.9,47.91,-9.8,-2.6
2023-11-02 16:10:00,39.4,74.44,33.5,26.53
2023-11-02 16:11:00,19.3,12.7,-20.1,-61.74
2023-11-02 16:12:00,9.9,85.42,-9.4,72.72
2023-11-02 16:13:00,7.8,3.47,-2.1,-81.95
2023-11-02 16:14:00,18.7,8.38,10.9,4.91
2023-11-02 16:15:00,19.1,24.98,0.4,16.6
2023-11-02 16:16:00,24.6,17.81,5.5,-7.17
2023-11-02 16:17:00,12.7,4.05,-11.9,-13.76
2023-11-02 16:18:00,16.0,12.26,3.3,8.21
2023-11-02 16:19:00,17.6,4.67,1.6,-7.59
2023-11-02 16:20:00,16.8,23.1,-0.8,18.43
2023-11-02 16:21:00,21.2,25.32,4.4,2.22
2023-11-02 16:22:00,9.9,52.72,-11.3,27.4
2023-11-02 16:23:00,15.7,10.82,5.8,-41.9
2023-11-02 16:24:00,18.8,29.64,3.1,18.82
2023-11-02 16:25:00,22.2,38.28,3.4,8.64
2023-11-02 16:26:00,13.7,38.33,-8.5,0.05
2023-11-02 16:27:00,9.2,45.82,-4.5,7.49
2023-11-02 16:28:00,18.5,7.7,9.3,-38.12
2023-11-02 16:29:00,25.0,10.59,6.5,2.89
2023-11-02 16:30:00,13.6,2.25,-11.4,-8.34
2023-11-02 16:31:00,29.4,89.27,15.8,87.02
2023-11-02 16:32:00,10.8,108.87,-18.6,19.6
2023-11-02 16:33:00,20.3,1.55,9.5,-107.32
2023-11-02 16:34:00,13.5,5.36,-6.8,3.81
2023-11-02 16:35:00,11.3,51.28,-2.2,45.92
2023-11-02 16:36:00,10.6,61.26,-0.7,9.98
2023-11-02 16:37:00,16.9,13.63,6.3,-47.63
2023-11-02 16:38:00,25.1,67.24,8.2,53.61
2023-11-02 16:39:00,43.9,218.55,18.8,151.31
2023-11-02 16:40:00,24.0,219.78,-19.9,1.23
2023-11-02 16:41:00,13.4,43.54,-10.6,-176.24
2023-11-02 16:42:00,10.8,7.61,-2.6,-35.93
2023-11-02 16:43:00,17.3,15.4,6.5,7.79
2023-11-02 16:44:00,26.9,27.65,9.6,12.25
2023-11-02 16:45:00,22.6,18.39,-4.3,-9.26
2023-11-02 16:46:00,29.5,61.47,6.9,43.08
2023-11-02 16:47:00,41.4,34.67,11.9,-26.8
2023-11-02 16:48:00,44.2,78.23,2.8,43.56
2023-11-02 16:49:00,17.1,95.12,-27.1,16.89
2023-11-02 16:50:00,33.4,42.08,16.3,-53.04
2023-11-02 16:51:00,14.1,0.61,-19.3,-41.47
2023-11-02 16:52:00,19.8,35.34,5.7,34.73
2023-11-02 16:53:00,21.5,42.12,1.7,6.78
2023-11-02 16:54:00,35.7,1.6,14.2,-40.52
2023-11-02 16:55:00,27.0,39.42,-8.7,37.82
2023-11-02 16:56:00,23.3,17.96,-3.7,-21.46
2023-11-02 16:57:00,26.9,20.8,3.6,2.84
2023-11-02 16:58:00,15.7,19.76,-11.2,-1.04
2023-11-02 16:59:00,5.6,11.33,-10.1,-8.43
2023-11-02 17:00:00,16.5,7.68,10.9,-3.65
2023-11-02 17:01:00,23.3,6.57,6.8,-1.11
2023-11-02 17:02:00,19.7,46.3,-3.6,39.73
2023-11-02 17:03:00,20.5,45.67,0.8,-0.63
2023-11-02 17:04:00,3.5,25.43,-17.0,-20.24
2023-11-02 17:05:00,14.8,29.06,11.3,3.63
2023-11-02 17:06:00,6.7,31.77,-8.1,2.71
2023-11-02 17:07:00,13.3,49.72,6.6,17.95
2023-11-02 17:08:00,5.9,42.61,-7.4,-7.11
2023-11-02 17:09:00,24.2,50.73,18.3,8.12
2023-11-02 17:10:00,17.9,46.02,-6.3,-4.71
2023-11-02 17:11:00,22.7,21.67,4.8,-24.35
2023-11-02 17:12:00,14.8,30.06,-7.9,8.39
2023-11-02 17:13:00,8.5,0.63,-6.3,-29.43
2023-11-02 17:14:00,5.2,7.75,-3.3,7.12
2023-11-02 17:15:00,10.6,17.06,5.4,9.31
2023-11-02 17:16:00,20.2,58.81,9.6,41.75
2023-11-02 17:17:00,10.8,45.13,-9.4,-13.68
2023-11-02 17:18:00,11.7,6.8,0.9,-38.33
2023-11-02 17:19:00,23.9,13.23,12.2,6.43
2023-11-02 17:20:00,6.5,4.02,-17.4,-9.21
2023-11-02 17:21:00,22.0,12.21,15.5,8.19
2023-11-02 17:22:00,24.5,7.17,2.5,-5.04
2023-11-02 17:23:00,14.7,1.01,-9.8,-6.16
2023-11-02 17:24:00,19.1,64.01,4.4,63.0
2023-11-02 17:25:00,9.7,74.71,-9.4,10.7
2023-11-02 17:26:00,13.0,4.82,3.3,-69.89
2023-11-02 17:27:00,6.4,11.38,-6.6,6.56
2023-11-02 17:28:00,7.8,0.89,1.4,-10.49
2023-11-02 17:29:00,8.2,3.59,0.4,2.7
2023-11-02 17:30:00,18.4,11.9,10.2,8.31
2023-11-02 17:31:00,17.6,4.49,-0.8,-7.41
2023-11-02 17:32:00,18.6,17.0,1.0,12.51
2023-11-02 17:33:00,48.9,491.93,30.3,474.93
2023-11-02 17:34:00,9.7,461.67,-39.2,-30.26
2023-11-02 17:35:00,20.6,76.83,10.9,-384.84
2023-11-02 17:36:00,24.7,18.05,4.1,-58.78
2023-11-02 17:37:00,18.2,71.49,-6.5,53.44
2023-11-02 17:38:00,18.0,13.37,-0.2,-58.12
2023-11-02 17:39:00,20.7,29.41,2.7,16.04
2023-11-02 17:40:00,27.3,1.07,6.6,-28.34
2023-11-02 17:41:00,14.4,11.26,-12.9,10.19
2023-11-02 17:42:00,14.0,12.75,-0.4,1.49
2023-11-02 17:43:00,30.0,39.36,16.0,26.61
2023-11-02 17:44:00,12.4,48.3,-17.6,8.94
2023-11-02 17:45:00,24.4,33.2,12.0,-15.1
2023-11-02 17:46:00,15.4,15.68,-9.0,-17.52
2023-11-02 17:47:00,27.3,42.22,11.9,26.54
2023-11-02 17:48:00,7.4,43.2,-19.9,0.98
2023-11-02 17:49:00,21.2,60.34,13.8,17.14
2023-11-02 17:50:00,29.5,55.6,8.3,-4.74
2023-11-02 17:51:00,11.5,112.26,-18.0,56.66
2023-11-02 17:52:00,14.1,8.75,2.6,-103.51
2023-11-02 17:53:00,10.1,12.71,-4.0,3.96
2023-11-02 17:54:00,16.1,23.4,6.0,10.69
2023-11-02 17:55:00,17.4,4.78,1.3,-18.62
2023-11-02 17:56:00,8.3,2.96,-9.1,-1.82
2023-11-02 17:57:00,46.5,45.34,38.2,42.38
2023-11-02 17:58:00,31.0,14.76,-15.5,-30.58
2023-11-02 17:59:00,20.4,22.02,-10.6,7.26
2023-11-02 18:00:00,39.1,36.19,18.7,14.17
2023-11-02 18:01:00,21.0,15.06,-18.1,-21.13
2023-11-02 18:02:00,18.6,42.38,-2.4,27.32
2023-11-02 18:03:00,14.6,10.49,-4.0,-31.89
2023-11-02 18:04:00,18.6,40.93,4.0,30.44
2023-11-02 18:05:00,15.5,21.6,-3.1,-19.33
2023-11-02 18:06:00,12.4,2.7,-3.1,-18.9
2023-11-02 18:07:00,18.5,6.91,6.1,4.21
2023-11-02 18:08:00,46.5,106.34,28.0,99.43
2023-11-02 18:09:00,25.7,110.29,-20.8,3.95
2023-11-02 18:10:00,20.0,169.24,-5.7,58.95
2023-11-02 18:11:00,19.4,45.6,-0.6,-123.64
2023-11-02 18:12:00,9.8,22.12,-9.6,-23.48
2023-11-02 18:13:00,12.3,27.85,2.5,5.73
2023-11-02 18:14:00,10.3,13.8,-2.0,-14.05
2023-11-02 18:15:00,17.0,1.88,6.7,-11.92
2023-11-02 18:16:00,28.7,33.02,11.7,31.14
2023-11-02 18:17:00,31.1,98.75,2.4,65.73
2023-11-02 18:18:00,18.7,113.52,-12.4,14.77
2023-11-02 18:19:00,27.1,152.32,8.4,38.8
2023-11-02 18:20:00,14.6,157.21,-12.5,4.89
2023-11-02 18:21:00,21.4,13.39,6.8,-143.82
2023-11-02 18:22:00,22.5,23.25,1.1,9.86
2023-11-02 18:23:00,16.9,38.26,-5.6,15.01
2023-11-02 18:24:00,20.4,38.3,3.5,0.04
2023-11-02 18:25:00,38.1,2.32,17.7,-35.98
2023-11-02 18:26:00,21.3,2.85,-16.8,0.53
2023-11-02 18:27:00,19.7,1.37,-1.6,-1.48
2023-11-02 18:28:00,28.1,66.5,8.4,65.13
2023-11-02 18:29:00,11.2,37.51,-16.9,-28.99
2023-11-02 18:30:00,26.9,2.44,15.7,-35.07
2023-11-02 18:31:00,21.4,7.96,-5.5,5.52
2023-11-02 18:32:00,27.5,39.69,6.1,31.73
2023-11-02 18:33:00,18.3,87.7,-9.2,48.01
2023-11-02 18:34:00,16.2,4.12,-2.1,-83.58
2023-11-02 18:35:00,24.0,107.93,7.8,103.81
2023-11-02 18:36:00,72.2,276.56,48.2,168.63
2023-11-02 18:37:00,51.8,47.56,-20.4,-229.0
2023-11-02 18:38:00,39.9,26.11,-11.9,-21.45
2023-11-02 18:39:00,66.7,347.0,26.8,320.89
2023-11-02 18:40:00,52.4,305.03,-14.3,-41.97
2023-11-02 18:41:00,42.6,250.46,-9.8,-54.57
2023-11-02 18:42:00,40.8,200.32,-1.8,-50.14
2023-11-02 18:43:00,61.2,334.41,20.4,134.09
2023-11-02 18:44:00,64.7,306.7,3.5,-27.71
2023-11-02 18:45:00,58.0,90.97,-6.7,-215.73
2023-11-02 18:46:00,62.0,7.16,4.0,-83.81
2023-11-02 18:47:00,26.4,140.64,-35.6,133.48
2023-11-02 18:48:00,64.3,12.79,37.9,-127.85
2023-11-02 18:49:00,45.1,15.3,-19.2,2.51
2023-11-02 18:50:00,21.7,47.26,-23.4,31.96
2023-11-02 18:51:00,39.9,25.16,18.2,-22.1
2023-11-02 18:52:00,29.5,21.2,-10.4,-3.96
2023-11-02 18:53:00,15.0,52.77,-14.5,31.57
2023-11-02 18:54:00,35.8,38.05,20.8,-14.72
2023-11-02 18:55:00,45.1,29.07,9.3,-8.98
2023-11-02 18:56:00,49.0,41.74,3.9,12.67
2023-11-02 18:57:00,47.2,78.44,-1.8,36.7
2023-11-02 18:58:00,26.0,50.82,-21.2,-27.62
2023-11-02 18:59:00,39.2,151.75,13.2,100.93
2023-11-02 19:00:00,52.3,215.68,13.1,63.93
2023-11-02 19:01:00,71.9,237.08,19.6,21.4
2023-11-02 19:02:00,29.9,80.06,-42.0,-157.02
2023-11-02 19:03:00,37.4,7.46,7.5,-72.6
2023-11-02 19:04:00,31.0,173.82,-6.4,166.36
2023-11-02 19:05:00,30.7,235.7,-0.3,61.88
2023-11-02 19:06:00,21.7,45.4,-9.0,-190.3
2023-11-02 19:07:00,35.9,56.08,14.2,10.68
2023-11-02 19:08:00,14.9,24.63,-21.0,-31.45
2023-11-02 19:09:00,22.0,29.85,7.1,5.22
2023-11-02 19:10:00,34.7,7.52,12.7,-22.33
2023-11-02 19:11:00,50.1,99.39,15.4,91.87
2023-11-02 19:12:00,55.5,42.21,5.4,-57.18
2023-11-02 19:13:00,66.3,450.94,10.8,408.73
2023-11-02 19:14:00,483.3,6797.29,417.0,6346.35
2023-11-02 19:15:00,172.3,5886.22,-311.0,-911.07
2023-11-02 19:16:00,99.3,690.07,-73.0,-5196.15
2023-11-02 19:17:00,94.8,167.89,-4.5,-522.18
2023-11-02 19:18:00,63.6,13.13,-31.2,-154.76
2023-11-02 19:19:00,73.3,304.13,9.7,291.0
2023-11-02 19:20:00,55.0,16.03,-18.3,-288.1
2023-11-02 19:21:00,40.4,136.09,-14.6,120.06
2023-11-02 19:22:00,53.1,54.11,12.7,-81.98
2023-11-02 19:23:00,38.4,55.13,-14.7,1.02
2023-11-02 19:24:00,60.2,175.77,21.8,120.64
2023-11-02 19:25:00,37.7,1.07,-22.5,-174.7
2023-11-02 19:26:00,31.0,89.89,-6.7,88.82
2023-11-02 19:27:00,71.9,158.62,40.9,68.73
2023-11-02 19:28:00,40.2,51.5,-31.7,-107.12
2023-11-02 19:29:00,38.8,51.93,-1.4,0.43
2023-11-02 19:30:00,66.0,146.12,27.2,94.19
2023-11-02 19:31:00,56.6,87.9,-9.4,-58.22
2023-11-02 19:32:00,40.5,55.39,-16.1,-32.51
2023-11-02 19:33:00,26.3,89.32,-14.2,33.93
2023-11-02 19:34:00,57.4,0.2,31.1,-89.12
2023-11-02 19:35:00,46.8,9.97,-10.6,9.77
2023-11-02 19:36:00,57.5,88.48,10.7,78.51
2023-11-02 19:37:00,45.0,150.81,-12.5,62.33
2023-11-02 19:38:00,56.1,110.93,11.1,-39.88
2023-11-02 19:39:00,61.6,20.02,5.5,-90.91
2023-11-02 19:40:00,40.7,121.22,-20.9,101.2
2023-11-02 19:41:00,132.3,607.55,91.6,486.33
2023-11-02 19:42:00,64.4,673.82,-67.9,66.27
2023-11-02 19:43:00,65.2,58.6,0.8,-615.22
2023-11-02 19:44:00,57.4,94.96,-7.8,36.36
2023-11-02 19:45:00,45.1,65.11,-12.3,-29.85
2023-11-02 19:46:00,62.0,85.44,16.9,20.33
2023-11-02 19:47:00,36.8,133.8,-25.2,48.36
2023-11-02 19:48:00,21.4,194.35,-15.4,60.55
2023-11-02 19:49:00,26.4,83.15,5.0,-111.2
2023-11-02 19:50:00,25.3,20.68,-1.1,-62.47
2023-11-02 19:51:00,44.9,90.86,19.6,70.18
2023-11-02 19:52:00,50.7,64.09,5.8,-26.77
2023-11-02 19:53:00,47.1,34.96,-3.6,-29.13
2023-11-02 19:54:00,81.7,155.15,34.6,120.19
2023-11-02 19:55:00,42.2,124.41,-39.5,-30.74
2023-11-02 19:56:00,36.9,3.4,-5.3,-121.01
2023-11-02 19:57:00,53.7,79.87,16.8,76.47
2023-11-02 19:58:00,53.6,17.28,-0.1,-62.59
2023-11-02 19:59:00,28.9,51.57,-24.7,34.29
2023-11-02 20:00:00,35.5,0.4,6.6,-51.17
2023-11-02 20:01:00,24.8,18.53,-10.7,18.13
2023-11-02 20:02:00,47.0,13.59,22.2,-4.94
2023-11-02 20:03:00,51.8,58.1,4.8,44.51
2023-11-02 20:04:00,59.0,67.24,7.2,9.14
2023-11-02 20:05:00,69.9,190.33,10.9,123.09
2023-11-02 20:06:00,44.6,21.77,-25.3,-168.56
2023-11-02 20:07:00,89.0,391.86,44.4,370.09
2023-11-02 20:08:00,37.6,480.15,-51.4,88.29
2023-11-02 20:09:00,51.6,18.38,14.0,-461.77
2023-11-02 20:10:00,58.5,46.84,6.9,28.46
2023-11-02 20:11:00,47.8,143.94,-10.7,97.1
2023-11-02 20:12:00,34.4,93.15,-13.4,-50.79
2023-11-02 20:13:00,29.3,126.73,-5.1,33.58
2023-11-02 20:14:00,29.1,0.61,-0.2,-126.12
2023-11-02 20:15:00,38.8,21.27,9.7,20.66
2023-11-02 20:16:00,49.8,52.02,11.0,30.75
2023-11-02 20:17:00,43.4,77.42,-6.4,25.4
2023-11-02 20:18:00,26.7,157.19,-16.7,79.77
2023-11-02 20:19:00,32.4,240.76,5.7,83.57
2023-11-02 20:20:00,29.9,239.01,-2.5,-1.75
2023-11-02 20:21:00,42.8,2.89,12.9,-236.12
2023-11-02 20:22:00,34.0,6.74,-8.8,3.85
2023-11-02 20:23:00,24.3,5.87,-9.7,-0.87
2023-11-02 20:24:00,32.6,6.32,8.3,0.45
2023-11-02 20:25:00,26.5,12.74,-6.1,6.42
2023-11-02 20:26:00,18.9,32.73,-7.6,19.99
2023-11-02 20:27:00,27.7,8.36,8.8,-24.37
2023-11-02 20:28:00,25.9,8.76,-1.8,0.4
2023-11-02 20:29:00,31.7,33.38,5.8,24.62
2023-11-02 20:30:00,20.8,27.25,-10.9,-6.13
2023-11-02 20:31:00,31.4,80.84,10.6,53.59
2023-11-02 20:32:00,26.0,47.04,-5.4,-33.8
2023-11-02 20:33:00,30.9,27.18,4.9,-19.86
2023-11-02 20:34:00,30.9,159.93,0.0,132.75
2023-11-02 20:35:00,32.0,1.08,1.1,-158.85
2023-11-02 20:36:00,46.2,87.62,14.2,86.54
2023-11-02 20:37:00,20.5,46.14,-25.7,-41.48
2023-11-02 20:38:00,40.1,47.69,19.6,1.55
2023-11-02 20:39:00,29.2,103.02,-10.9,55.33
2023-11-02 20:40:00,34.9,15.75,5.7,-87.27
2023-11-02 20:41:00,31.6,5.24,-3.3,-10.51
2023-11-02 20:42:00,51.8,15.97,20.2,10.73
2023-11-02 20:43:00,35.7,22.59,-16.1,6.62
2023-11-02 20:44:00,44.6,24.47,8.9,1.88
2023-11-02 20:45:00,35.7,160.29,-8.9,135.82
2023-11-02 20:46:00,27.3,81.37,-8.4,-78.92
2023-11-02 20:47:00,20.7,89.92,-6.6,8.55
2023-11-02 20:48:00,29.3,40.78,8.6,-49.14
2023-11-02 20:49:00,19.2,61.64,-10.1,20.86
2023-11-02 20:50:00,56.3,91.32,37.1,29.68
2023-11-02 20:51:00,186.3,3278.25,130.0,3186.93
2023-11-02 20:52:00,76.8,2882.36,-109.5,-395.89
2023-11-02 20:53:00,95.9,5.82,19.1,-2876.54
2023-11-02 20:54:00,68.1,98.25,-27.8,92.43
2023-11-02 20:55:00,57.1,178.86,-11.0,80.61
2023-11-02 20:56:00,34.6,48.05,-22.5,-130.81
2023-11-02 20:57:00,10.1,15.58,-24.5,-32.47
2023-11-02 20:58:00,50.0,8.5,39.9,-7.08
2023-11-02 20:59:00,41.4,186.7,-8.6,178.2
2023-11-02 21:00:00,56.4,30.54,15.0,-156.16
2023-11-02 21:01:00,126.3,499.59,69.9,469.05
2023-11-02 21:02:00,92.3,63.91,-34.0,-435.68
2023-11-02 21:03:00,75.5,453.0,-16.8,389.09
2023-11-02 21:04:00,36.4,156.25,-39.1,-296.75
2023-11-02 21:05:00,82.7,106.51,46.3,-49.74
2023-11-02 21:06:00,28.0,124.02,-54.7,17.51
2023-11-02 21:07:00,25.1,41.32,-2.9,-82.7
2023-11-02 21:08:00,21.9,14.78,-3.2,-26.54
2023-11-02 21:09:00,38.2,115.54,16.3,100.76
2023-11-02 21:10:00,42.7,134.91,4.5,19.37
2023-11-02 21:11:00,41.6,18.74,-1.1,-116.17
2023-11-02 21:12:00,47.1,25.44,5.5,6.7
2023-11-02 21:13:00,34.2,262.91,-12.9,237.47
2023-11-02 21:14:00,38.4,206.89,4.2,-56.02
2023-11-02 21:15:00,24.2,116.98,-14.2,-89.91
2023-11-02 21:16:00,35.6,11.09,11.4,-105.89
2023-11-02 21:17:00,30.5,6.23,-5.1,-4.86
2023-11-02 21:18:00,32.4,6.84,1.9,0.61
2023-11-02 21:19:00,21.3,42.16,-11.1,35.32
2023-11-02 21:20:00,25.8,22.67,4.5,-19.49
2023-11-02 21:21:00,31.4,38.83,5.6,16.16
2023-11-02 21:22:00,21.0,69.0,-10.4,30.17
2023-11-02 21:23:00,17.6,1.11,-3.4,-67.89
2023-11-02 21:24:00,22.0,94.65,4.4,93.54
2023-11-02 21:25:00,28.0,67.85,6.0,-26.8
2023-11-02 21:26:00,20.1,24.57,-7.9,-43.28
2023-11-02 21:27:00,14.4,49.11,-5.7,24.54
2023-11-02 21:28:00,44.5,41.78,30.1,-7.33
2023-11-02 21:29:00,29.8,46.42,-14.7,4.64
2023-11-02 21:30:00,43.1,96.78,13.3,50.36
2023-11-02 21:31:00,54.4,105.67,11.3,8.89
2023-11-02 21:32:00,34.3,52.02,-20.1,-53.65
2023-11-02 21:33:00,38.1,61.68,3.8,9.66
2023-11-02 21:34:00,76.6,77.69,38.5,16.01
2023-11-02 21:35:00,28.1,14.91,-48.5,-62.78
2023-11-02 21:36:00,27.3,99.76,-0.8,84.85
2023-11-02 21:37:00,11.7,190.75,-15.6,90.99
2023-11-02 21:38:00,33.3,202.06,21.6,11.31
2023-11-02 21:39:00,17.5,3.12,-15.8,-198.94
2023-11-02 21:40:00,16.7,24.76,-0.8,21.64
2023-11-02 21:41:00,10.4,32.25,-6.3,7.49
2023-11-02 21:42:00,18.4,1.05,8.0,-31.2
2023-11-02 21:43:00,19.5,6.42,1.1,5.37
2023-11-02 21:44:00,19.1,12.92,-0.4,6.5
2023-11-02 21:45:00,32.5,28.32,13.4,15.4
2023-11-02 21:46:00,56.3,5.41,23.8,-22.91
2023-11-02 21:47:00,28.2,77.38,-28.1,71.97
2023-11-02 21:48:00,70.7,59.34,42.5,-18.04
2023-11-02 21:49:00,74.6,324.16,3.9,264.82
2023-11-02 21:50:00,46.1,192.33,-28.5,-131.83
2023-11-02 21:51:00,132.4,1537.57,86.3,1345.24
2023-11-02 21:52:00,106.8,1220.9,-25.6,-316.67
2023-11-02 21:53:00,68.0,244.46,-38.8,-976.44
2023-11-02 21:54:00,50.7,285.87,-17.3,41.41
2023-11-02 21:55:00,61.1,317.5,10.4,31.63
2023-11-02 21:56:00,123.0,1022.43,61.9,704.93
2023-11-02 21:57:00,59.2,1223.37,-63.8,200.94
2023-11-02 21:58:00,53.9,38.62,-5.3,-1184.75
2023-11-02 21:59:00,47.7,77.01,-6.2,38.39
2023-11-02 22:00:00,126.0,1196.22,78.3,1119.21
2023-11-02 22:01:00,132.8,90.67,6.8,-1105.55
2023-11-02 22:02:00,49.7,984.61,-83.1,893.94
2023-11-02 22:03:00,54.1,34.3,4.4,-950.31
2023-11-02 22:04:00,39.2,243.11,-14.9,208.81
2023-11-02 22:05:00,60.5,381.02,21.3,137.91
2023-11-02 22:06:00,43.5,201.32,-17.0,-179.7
2023-11-02 22:07:00,29.7,186.25,-13.8,-15.07
2023-11-02 22:08:00,25.1,7.47,-4.6,-178.78
2023-11-02 22:09:00,21.6,79.32,-3.5,71.85
2023-11-02 22:10:00,45.4,94.98,23.8,15.66
2023-11-02 22:11:00,32.7,65.48,-12.7,-29.5
2023-11-02 22:12:00,31.4,63.76,-1.3,-1.72
2023-11-02 22:13:00,54.6,4.55,23.2,-59.21
2023-11-02 22:14:00,30.6,5.97,-24.0,1.42
2023-11-02 22:15:00,49.5,46.66,18.9,40.69
2023-11-02 22:16:00,34.5,6.68,-15.0,-39.98
2023-11-02 22:17:00,25.6,86.16,-8.9,79.48
2023-11-02 22:18:00,35.4,47.59,9.8,-38.57
2023-11-02 22:19:00,17.5,50.04,-17.9,2.45
2023-11-02 22:20:00,46.3,5.78,28.8,-44.26
2023-11-02 22:21:00,49.8,114.23,3.5,108.45
2023-11-02 22:22:00,27.0,67.88,-22.8,-46.35
2023-11-02 22:23:00,26.1,60.52,-0.9,-7.36
2023-11-02 22:24:00,44.1,27.36,18.0,-33.16
2023-11-02 22:25:00,32.8,34.36,-11.3,7.0
2023-11-02 22:26:00,37.5,46.32,4.7,11.96
2023-11-02 22:27:00,25.5,50.85,-12.0,4.53
2023-11-02 22:28:00,33.6,37.27,8.1,-13.58
2023-11-02 22:29:00,33.3,19.77,-0.3,-17.5
2023-11-02 22:30:00,55.9,21.96,22.6,2.19
2023-11-02 22:31:00,21.0,18.41,-34.9,-3.55
2023-11-02 22:32:00,40.6,40.35,19.6,21.94
2023-11-02 22:33:00,71.1,356.25,30.5,315.9
2023-11-02 22:34:00,29.0,355.62,-42.1,-0.63
2023-11-02 22:35:00,19.0,0.66,-10.0,-354.96
2023-11-02 22:36:00,36.8,8.1,17.8,7.44
2023-11-02 22:37:00,38.7,7.46,1.9,-0.64
2023-11-02 22:38:00,25.0,29.23,-13.7,21.77
2023-11-02 22:39:00,16.0,39.72,-9.0,10.49
2023-11-02 22:40:00,29.1,0.28,13.1,-39.44
2023-11-02 22:41:00,33.1,3.25,4.0,2.97
2023-11-02 22:42:00,10.6,10.85,-22.5,7.6
2023-11-02 22:43:00,21.9,44.58,11.3,33.73
2023-11-02 22:44:00,19.6,26.96,-2.3,-17.62
2023-11-02 22:45:00,40.4,94.8,20.8,67.84
2023-11-02 22:46:00,28.1,83.35,-12.3,-11.45
2023-11-02 22:47:00,20.3,39.05,-7.8,-44.3
2023-11-02 22:48:00,27.6,59.98,7.3,20.93
2023-11-02 22:49:00,30.8,90.28,3.2,30.3
2023-11-02 22:50:00,22.4,18.49,-8.4,-71.79
2023-11-02 22:51:00,24.8,34.77,2.4,16.28
2023-11-02 22:52:00,21.9,0.53,-2.9,-34.24
2023-11-02 22:53:00,36.2,67.66,14.3,67.13
2023-11-02 22:54:00,19.9,150.99,-16.3,83.33
2023-11-02 22:55:00,22.2,26.33,2.3,-124.66
2023-11-02 22:56:00,29.7,9.67,7.5,-16.66
2023-11-02 22:57:00,14.8,26.23,-14.9,16.56
2023-11-02 22:58:00,13.5,7.67,-1.3,-18.56
2023-11-02 22:59:00,23.5,2.91,10.0,-4.76
2023-11-02 23:00:00,43.5,63.48,20.0,60.57
2023-11-02 23:01:00,20.8,14.35,-22.7,-49.13
2023-11-02 23:02:00,15.2,22.08,-5.6,7.73
2023-11-02 23:03:00,36.4,37.52,21.2,15.44
2023-11-02 23:04:00,12.7,30.84,-23.7,-6.68
2023-11-02 23:05:00,25.9,77.01,13.2,46.17
2023-11-02 23:06:00,24.9,57.79,-1.0,-19.22
2023-11-02 23:07:00,19.1,22.2,-5.8,-35.59
2023-11-02 23:08:00,22.9,41.81,3.8,19.61
2023-11-02 23:09:00,23.4,44.78,0.5,2.97
2023-11-02 23:10:00,16.4,86.51,-7.0,41.73
2023-11-02 23:11:00,22.8,15.45,6.4,-71.06
2023-11-02 23:12:00,21.3,30.29,-1.5,14.84
2023-11-02 23:13:00,9.6,11.18,-11.7,-19.11
2023-11-02 23:14:00,18.7,51.16,9.1,39.98
2023-11-02 23:15:00,16.3,31.28,-2.4,-19.88
2023-11-02 23:16:00,22.5,1.1,6.2,-30.18
2023-11-02 23:17:00,21.2,113.75,-1.3,112.65
2023-11-02 23:18:00,10.8,89.71,-10.4,-24.04
2023-11-02 23:19:00,11.0,87.19,0.2,-2.52
2023-11-02 23:20:00,25.5,52.73,14.5,-34.46
2023-11-02 23:21:00,33.9,41.31,8.4,-11.42
2023-11-02 23:22:00,14.6,191.83,-19.3,150.52
2023-11-02 23:23:00,12.7,3.87,-1.9,-187.96
2023-11-02 23:24:00,16.4,34.29,3.7,30.42
2023-11-02 23:25:00,16.4,11.23,0.0,-23.06
2023-11-02 23:26:00,19.8,6.93,3.4,-4.3
2023-11-02 23:27:00,19.2,12.87,-0.6,5.94
2023-11-02 23:28:00,19.4,6.57,0.2,-6.3
2023-11-02 23:29:00,29.3,299.77,9.9,293.2
2023-11-02 23:30:00,10.2,292.24,-19.1,-7.53
2023-11-02 23:31:00,28.0,91.02,17.8,-201.22
2023-11-02 23:32:00,34.6,45.91,6.6,-45.11
2023-11-02 23:33:00,57.2,40.54,22.6,-5.37
2023-11-02 23:34:00,33.0,37.23,-24.2,-3.31
2023-11-02 23:35:00,19.4,19.2,-13.6,-18.03
2023-11-02 23:36:00,31.4,82.09,12.0,62.89
2023-11-02 23:37:00,19.4,105.74,-12.0,23.65
2023-11-02 23:38:00,19.5,68.57,0.1,-37.17
2023-11-02 23:39:00,49.0,216.87,29.5,148.3
2023-11-02 23:40:00,22.2,256.53,-26.8,39.66
2023-11-02 23:41:00,22.4,48.46,0.2,-208.07
2023-11-02 23:42:00,51.2,232.73,28.8,184.27
2023-11-02 23:43:00,37.1,290.75,-14.1,58.02
2023-11-02 23:44:00,24.8,475.14,-12.3,184.39
2023-11-02 23:45:00,27.8,9.34,3.0,-465.8
2023-11-02 23:46:00,39.0,42.35,11.2,33.01
2023-11-02 23:47:00,32.0,31.66,-7.0,-10.69
2023-11-02 23:48:00,15.5,5.68,-16.5,-25.98
2023-11-02 23:49:00,16.4,2.21,0.9,-3.47
2023-11-02 23:50:00,20.4,79.82,4.0,77.61
2023-11-02 23:51:00,37.6,80.0,17.2,0.18
2023-11-02 23:52:00,20.7,43.69,-16.9,-36.31
2023-11-02 23:53:00,25.2,55.81,4.5,12.12
2023-11-02 23:54:00,26.1,90.0,0.9,34.19
2023-11-02 23:55:00,26.0,89.78,-0.1,-0.22
2023-11-02 23:56:00,16.1,7.85,-9.9,-81.93
2023-11-02 23:57:00,12.5,23.92,-3.6,16.07
2023-11-02 23:58:00,10.3,0.25,-2.2,-23.67
2023-11-02 23:59:00,10.5,9.93,0.2,9.68
2023-11-03 00:00:00,4.9,12.55,-5.6,2.62
2023-11-03 00:01:00,11.5,9.44,6.6,-3.11
2023-11-03 00:02:00,23.5,53.55,12.0,44.11
2023-11-03 00:03:00,15.6,46.35,-7.9,-7.2
2023-11-03 00:04:00,16.4,10.58,0.8,-35.77
2023-11-03 00:05:00,22.5,57.89,6.1,47.31
2023-11-03 00:06:00,25.2,127.84,2.7,69.95
2023-11-03 00:07:00,21.7,127.08,-3.5,-0.76
2023-11-03 00:08:00,27.9,85.78,6.2,-41.3
2023-11-03 00:09:00,24.3,103.93,-3.6,18.15
2023-11-03 00:10:00,37.0,50.65,12.7,-53.28
2023-11-03 00:11:00,24.9,22.79,-12.1,-27.86
2023-11-03 00:12:00,11.1,107.71,-13.8,84.92
2023-11-03 00:13:00,24.6,23.57,13.5,-84.14
2023-11-03 00:14:00,11.6,32.86,-13.0,9.29
2023-11-03 00:15:00,17.6,14.55,6.0,-18.31
2023-11-03 00:16:00,5.4,21.78,-12.2,7.23
2023-11-03 00:17:00,31.9,32.84,26.5,11.06
2023-11-03 00:18:00,36.4,147.41,4.5,114.57
2023-11-03 00:19:00,24.2,28.17,-12.2,-119.24
2023-11-03 00:20:00,21.5,115.72,-2.7,87.55
2023-11-03 00:21:00,22.4,16.42,0.9,-99.3
2023-11-03 00:22:00,15.5,3.62,-6.9,-12.8
2023-11-03 00:23:00,18.0,16.1,2.5,12.48
2023-11-03 00:24:00,18.2,35.2,0.2,19.1
2023-11-03 00:25:00,13.9,39.7,-4.3,4.5
2023-11-03 00:26:00,14.4,122.93,0.5,83.23
2023-11-03 00:27:00,12.2,139.61,-2.2,16.68
2023-11-03 00:28:00,19.0,110.19,6.8,-29.42
2023-11-03 00:29:00,13.1,87.13,-5.9,-23.06
2023-11-03 00:30:00,32.6,12.33,19.5,-74.8
2023-11-03 00:31:00,30.9,24.35,-1.7,12.02
2023-11-03 00:32:00,22.3,10.65,-8.6,-13.7
2023-11-03 00:33:00,22.6,22.64,0.3,11.99
2023-11-03 00:34:00,14.3,38.45,-8.3,15.81
2023-11-03 00:35:00,17.1,1.98,2.8,-36.47
2023-11-03 00:36:00,28.8,19.22,11.7,17.24
2023-11-03 00:37:00,15.4,6.26,-13.4,-12.96
2023-11-03 00:38:00,7.0,5.86,-8.4,-0.4
2023-11-03 00:39:00,25.7,28.52,18.7,22.66
2023-11-03 00:40:00,27.6,51.02,1.9,22.5
2023-11-03 00:41:00,8.6,4.66,-19.0,-46.36
2023-11-03 00:42:00,20.9,3.43,12.3,-1.23
2023-11-03 00:43:00,8.5,25.12,-12.4,21.69
2023-11-03 00:44:00,17.4,21.26,8.9,-3.86
2023-11-03 00:45:00,21.0,10.62,3.6,-10.64
2023-11-03 00:46:00,12.2,17.32,-8.8,6.7
2023-11-03 00:47:00,12.8,30.74,0.6,13.42
2023-11-03 00:48:00,14.4,3.91,1.6,-26.83
2023-11-03 00:49:00,19.7,5.92,5.3,2.01
2023-11-03 00:50:00,14.1,17.35,-5.6,11.43
2023-11-03 00:51:00,16.0,16.3,1.9,-1.05
2023-11-03 00:52:00,14.0,12.94,-2.0,-3.36
2023-11-03 00:53:00,17.8,36.68,3.8,23.74
2023-11-03 00:54:00,12.1,36.48,-5.7,-0.2
2023-11-03 00:55:00,18.1,38.52,6.0,2.04
2023-11-03 00:56:00,45.0,250.54,26.9,212.02
2023-11-03 00:57:00,21.0,175.32,-24.0,-75.22
2023-11-03 00:58:00,17.4,54.28,-3.6,-121.04
2023-11-03 00:59:00,17.2,45.39,-0.2,-8.89
2023-11-03 01:00:00,21.6,66.93,4.4,21.54
2023-11-03 01:01:00,28.8,5.05,7.2,-61.88
2023-11-03 01:02:00,21.1,17.1,-7.7,12.05
2023-11-03 01:03:00,18.3,47.06,-2.8,29.96
2023-11-03 01:04:00,23.3,36.16,5.0,-10.9
2023-11-03 01:05:00,13.8,59.86,-9.5,23.7
2023-11-03 01:06:00,12.3,10.3,-1.5,-49.56
2023-11-03 01:07:00,47.9,365.78,35.6,355.48
2023-11-03 01:08:00,40.7,295.57,-7.2,-70.21
2023-11-03 01:09:00,33.6,36.13,-7.1,-259.44
2023-11-03 01:10:00,28.3,81.08,-5.3,44.95
2023-11-03 01:11:00,21.9,1.99,-6.4,-79.09
2023-11-03 01:12:00,16.1,11.84,-5.8,9.85
2023-11-03 01:13:00,13.5,14.27,-2.6,2.43
2023-11-03 01:14:00,17.0,6.11,3.5,-8.16
2023-11-03 01:15:00,14.0,56.19,-3.0,50.08
2023-11-03 01:16:00,13.2,40.03,-0.8,-16.16
2023-11-03 01:17:00,12.2,21.94,-1.0,-18.09
2023-11-03 01:18:00,16.9,1.39,4.7,-20.55
2023-11-03 01:19:00,17.7,3.28,0.8,1.89
2023-11-03 01:20:00,36.3,45.74,18.6,42.46
2023-11-03 01:21:00,29.2,4.35,-7.1,-41.39
2023-11-03 01:22:00,18.5,20.48,-10.7,16.13
2023-11-03 01:23:00,23.3,191.3,4.8,170.82
2023-11-03 01:24:00,18.0,168.12,-5.3,-23.18
2023-11-03 01:25:00,43.5,499.68,25.5,331.56
2023-11-03 01:26:00,28.9,497.1,-14.6,-2.58
2023-11-03 01:27:00,39.7,159.77,10.8,-337.33
2023-11-03 01:28:00,20.1,142.99,-19.6,-16.78
2023-11-03 01:29:00,43.2,58.78,23.1,-84.21
2023-11-03 01:30:00,23.6,87.5,-19.6,28.72
2023-11-03 01:31:00,26.1,56.13,2.5,-31.37
2023-11-03 01:32:00,63.8,5.96,37.7,-50.17
2023-11-03 01:33:00,50.6,47.67,-13.2,41.71
2023-11-03 01:34:00,22.8,159.6,-27.8,111.93
2023-11-03 01:35:00,21.3,11.99,-1.5,-147.61
2023-11-03 01:36:00,21.3,11.36,0.0,-0.63
2023-11-03 01:37:00,33.5,21.12,12.2,9.76
2023-11-03 01:38:00,59.3,381.84,25.8,360.72
2023-11-03 01:39:00,53.4,30.62,-5.9,-351.22
2023-11-03 01:40:00,41.9,239.45,-11.5,208.83
2023-11-03 01:41:00,51.0,18.4,9.1,-221.05
2023-11-03 01:42:00,44.7,163.45,-6.3,145.05
2023-11-03 01:43:00,45.1,184.35,0.4,20.9
2023-11-03 01:44:00,57.9,319.75,12.8,135.4
2023-11-03 01:45:00,59.4,293.9,1.5,-25.85
2023-11-03 01:46:00,19.7,24.39,-39.7,-269.51
2023-11-03 01:47:00,15.5,15.8,-4.2,-8.59
2023-11-03 01:48:00,18.9,29.88,3.4,14.08
2023-11-03 01:49:00,51.7,148.28,32.8,118.4
2023-11-03 01:50:00,15.4,155.32,-36.3,7.04
2023-11-03 01:51:00,27.4,6.83,12.0,-148.49
2023-11-03 01:52:00,68.4,132.8,41.0,125.97
2023-11-03 01:53:00,104.6,278.14,36.2,145.34
2023-11-03 01:54:00,48.0,227.67,-56.6,-50.47
2023-11-03 01:55:00,38.3,90.6,-9.7,-137.07
2023-11-03 01:56:00,58.9,243.39,20.6,152.79
2023-11-03 01:57:00,52.5,71.66,-6.4,-171.73
2023-11-03 01:58:00,40.6,202.56,-11.9,130.9
2023-11-03 01:59:00,17.5,0.45,-23.1,-202.11
2023-11-03 02:00:00,79.0,174.71,61.5,174.26
2023-11-03 02:01:00,29.9,172.18,-49.1,-2.53
2023-11-03 02:02:00,49.7,158.36,19.8,-13.82
2023-11-03 02:03:00,29.6,0.36,-20.1,-158.0
2023-11-03 02:04:00,32.2,11.72,2.6,11.36
2023-11-03 02:05:00,55.7,40.19,23.5,28.47
2023-11-03 02:06:00,24.7,117.52,-31.0,77.33
2023-11-03 02:07:00,32.4,48.64,7.7,-68.88
2023-11-03 02:08:00,29.3,12.14,-3.1,-36.5
2023-11-03 02:09:00,31.0,72.27,1.7,60.13
2023-11-03 02:10:00,29.9,29.2,-1.1,-43.07
2023-11-03 02:11:00,16.5,49.24,-13.4,20.04
2023-11-03 02:12:00,22.4,6.58,5.9,-42.66
2023-11-03 02:13:00,13.9,5.17,-8.5,-1.41
2023-11-03 02:14:00,17.3,0.3,3.4,-4.87
2023-11-03 02:15:00,20.8,0.32,3.5,0.02
2023-11-03 02:16:00,16.2,0.78,-4.6,0.46
2023-11-03 02:17:00,11.3,3.6,-4.9,2.82
2023-11-03 02:18:00,7.3,6.58,-4.0,2.98
2023-11-03 02:19:00,20.5,3.47,13.2,-3.11
2023-11-03 02:20:00,32.5,104.34,12.0,100.87
2023-11-03 02:21:00,25.9,62.9,-6.6,-41.44
2023-11-03 02:22:00,22.2,7.84,-3.7,-55.06
2023-11-03 02:23:00,48.6,26.16,26.4,18.32
2023-11-03 02:24:00,37.4,97.85,-11.2,71.69
2023-11-03 02:25:00,15.3,70.0,-22.1,-27.85
2023-11-03 02:26:00,26.5,2.8,11.2,-67.2
2023-11-03 02:27:00,35.0,54.49,8.5,51.69
2023-11-03 02:28:00,29.4,8.8,-5.6,-45.69
2023-11-03 02:29:00,27.0,36.37,-2.4,27.57
2023-11-03 02:30:00,21.3,55.08,-5.7,18.71
2023-11-03 02:31:00,12.9,5.9,-8.4,-49.18
2023-11-03 02:32:00,16.5,14.21,3.6,8.31
2023-11-03 02:33:00,22.1,6.22,5.6,-7.99
2023-11-03 02:34:00,36.1,61.18,14.0,54.96
2023-11-03 02:35:00,47.1,54.5,11.0,-6.68
2023-11-03 02:36:00,42.1,91.83,-5.0,37.33
2023-11-03 02:37:00,22.1,111.81,-20.0,19.98
2023-11-03 02:38:00,37.0,26.05,14.9,-85.76
2023-11-03 02:39:00,36.7,46.12,-0.3,20.07
2023-11-03 02:40:00,19.8,22.64,-16.9,-23.48
2023-11-03 02:41:00,26.2,38.82,6.4,16.18
2023-11-03 02:42:00,9.1,20.44,-17.1,-18.38
2023-11-03 02:43:00,22.0,13.74,12.9,-6.7
2023-11-03 02:44:00,23.1,26.25,1.1,12.51
2023-11-03 02:45:00,7.7,39.4,-15.4,13.15
2023-11-03 02:46:00,12.6,0.04,4.9,-39.36
2023-11-03 02:47:00,28.6,1.24,16.0,1.2
2023-11-03 02:48:00,20.1,10.7,-8.5,9.46
2023-11-03 02:49:00,11.7,1.2,-8.4,-9.5
2023-11-03 02:50:00,15.2,0.82,3.5,-0.38
2023-11-03 02:51:00,17.0,5.03,1.8,4.21
2023-11-03 02:52:00,20.1,42.01,3.1,36.98
2023-11-03 02:53:00,30.7,14.09,10.6,-27.92
2023-11-03 02:54:00,23.7,5.97,-7.0,-8.12
2023-11-03 02:55:00,24.1,32.12,0.4,26.15
2023-11-03 02:56:00,46.4,122.01,22.3,89.89
2023-11-03 02:57:00,27.0,2.91,-19.4,-119.1
2023-11-03 02:58:00,49.8,24.94,22.8,22.03
2023-11-03 02:59:00,20.1,64.64,-29.7,39.7
2023-11-03 03:00:00,23.2,43.71,3.1,-20.93
2023-11-03 03:01:00,20.3,62.77,-2.9,19.06
2023-11-03 03:02:00,11.0,11.14,-9.3,-51.63
2023-11-03 03:03:00,3.7,7.03,-7.3,-4.11
2023-11-03 03:04:00,17.9,4.62,14.2,-2.41
2023-11-03 03:05:00,1.4,5.65,-16.5,1.03
2023-11-03 03:06:00,15.3,32.99,13.9,27.34
2023-11-03 03:07:00,12.4,31.67,-2.9,-1.32
2023-11-03 03:08:00,8.6,4.89,-3.8,-26.78
2023-11-03 03:09:00,13.0,16.38,4.4,11.49
2023-11-03 03:10:00,9.9,12.98,-3.1,-3.4
2023-11-03 03:11:00,24.1,5.89,14.2,-7.09
2023-11-03 03:12:00,14.5,8.91,-9.6,3.02
2023-11-03 03:13:00,7.0,8.77,-7.5,-0.14
2023-11-03 03:14:00,6.3,19.4,-0.7,10.63
2023-11-03 03:15:00,0.7,3.09,-5.6,-16.31
2023-11-03 03:16:00,6.4,24.51,5.7,21.42
2023-11-03 03:17:00,3.7,16.29,-2.7,-8.22
2023-11-03 03:18:00,9.4,22.48,5.7,6.19
2023-11-03 03:19:00,1.2,8.68,-8.2,-13.8
2023-11-03 03:20:00,6.9,7.24,5.7,-1.44
2023-11-03 03:21:00,0.4,2.59,-6.5,-4.65
2023-11-03 03:22:00,6.3,9.89,5.9,7.3
2023-11-03 03:23:00,0.5,13.32,-5.8,3.43
2023-11-03 03:24:00,0.1,2.47,-0.4,-10.85
2023-11-03 03:25:00,2.3,9.86,2.2,7.39
2023-11-03 03:26:00,0.7,5.32,-1.6,-4.54
2023-11-03 03:27:00,0.1,4.95,-0.6,-0.37
2023-11-03 03:28:00,1.8,8.25,1.7,3.3
2023-11-03 03:29:00,35.7,32.39,33.9,24.14
2023-11-03 03:30:00,38.5,9.52,2.8,-22.87
2023-11-03 03:31:00,22.5,44.41,-16.0,34.89
2023-11-03 03:32:00,32.3,51.63,9.8,7.22
2023-11-03 03:33:00,24.7,22.11,-7.6,-29.52
2023-11-03 03:34:00,27.6,9.42,2.9,-12.69
2023-11-03 03:35:00,23.8,29.34,-3.8,19.92
2023-11-03 03:36:00,15.1,5.78,-8.7,-23.56
2023-11-03 03:37:00,8.5,40.75,-6.6,34.97
2023-11-03 03:38:00,20.5,30.98,12.0,-9.77
2023-11-03 03:39:00,13.0,31.55,-7.5,0.57
2023-11-03 03:40:00,17.9,23.03,4.9,-8.52
2023-11-03 03:41:00,5.0,16.31,-12.9,-6.72
2023-11-03 03:42:00,29.7,199.09,24.7,182.78
2023-11-03 03:43:00,24.2,99.38,-5.5,-99.71
2023-11-03 03:44:00,18.7,63.21,-5.5,-36.17
2023-11-03 03:45:00,18.2,20.6,-0.5,-42.61
2023-11-03 03:46:00,30.8,145.58,12.6,124.98
2023-11-03 03:47:00,22.8,152.07,-8.0,6.49
2023-11-03 03:48:00,10.3,8.51,-12.5,-143.56
2023-11-03 03:49:00,16.5,16.87,6.2,8.36
2023-11-03 03:50:00,12.0,5.14,-4.5,-11.73
2023-11-03 03:51:00,20.7,15.69,8.7,10.55
2023-11-03 03:52:00,15.7,5.92,-5.0,-9.77
2023-11-03 03:53:00,16.9,1.63,1.2,-4.29
2023-11-03 03:54:00,13.8,0.92,-3.1,-0.71
2023-11-03 03:55:00,12.7,11.89,-1.1,10.97
2023-11-03 03:56:00,4.4,4.61,-8.3,-7.28
2023-11-03 03:57:00,13.5,32.98,9.1,28.37
2023-11-03 03:58:00,11.2,24.77,-2.3,-8.21
2023-11-03 03:59:00,6.7,3.09,-4.5,-21.68
2023-11-03 04:00:00,0.1,11.02,-6.6,7.93
2023-11-03 04:01:00,10.2,14.92,10.1,3.9
2023-11-03 04:02:00,11.2,5.1,1.0,-9.82
2023-11-03 04:03:00,0.1,6.53,-11.1,1.43
2023-11-03 04:04:00,17.0,12.59,16.9,6.06
2023-11-03 04:05:00,2.3,7.86,-14.7,-4.73
2023-11-03 04:06:00,7.1,21.09,4.8,13.23
2023-11-03 04:07:00,22.9,18.35,15.8,-2.74
2023-11-03 04:08:00,5.4,28.75,-17.5,10.4
2023-11-03 04:09:00,16.0,21.36,10.6,-7.39
2023-11-03 04:10:00,22.5,6.92,6.5,-14.44
2023-11-03 04:11:00,44.7,264.06,22.2,257.14
2023-11-03 04:12:00,66.5,160.3,21.8,-103.76
2023-11-03 04:13:00,66.5,135.48,0.0,-24.82
2023-11-03 04:14:00,47.1,179.43,-19.4,43.95
2023-11-03 04:15:00,39.8,9.89,-7.3,-169.54
2023-11-03 04:16:00,53.3,66.0,13.5,56.11
2023-11-03 04:17:00,16.5,156.13,-36.8,90.13
2023-11-03 04:18:00,19.1,10.31,2.6,-145.82
2023-11-03 04:19:00,15.1,35.74,-4.0,25.43
2023-11-03 04:20:00,30.4,28.76,15.3,-6.98
2023-11-03 04:21:00,10.6,33.19,-19.8,4.43
2023-11-03 04:22:00,10.7,3.73,0.1,-29.46
2023-11-03 04:23:00,13.6,2.92,2.9,-0.81
2023-11-03 04:24:00,11.0,6.86,-2.6,3.94
2023-11-03 04:25:00,4.5,26.81,-6.5,19.95
2023-11-03 04:26:00,18.9,30.22,14.4,3.41
2023-11-03 04:27:00,16.9,9.12,-2.0,-21.1
2023-11-03 04:28:00,7.3,15.78,-9.6,6.66
2023-11-03 04:29:00,7.3,7.27,0.0,-8.51
2023-11-03 04:30:00,12.8,3.76,5.5,-3.51
2023-11-03 04:31:00,31.5,47.67,18.7,43.91
2023-11-03 04:32:00,19.8,34.86,-11.7,-12.81
2023-11-03 04:33:00,7.1,19.2,-12.7,-15.66
2023-11-03 04:34:00,6.6,2.32,-0.5,-16.88
2023-11-03 04:35:00,22.6,29.95,16.0,27.63
2023-11-03 04:36:00,15.5,9.5,-7.1,-20.45
2023-11-03 04:37:00,26.3,4.88,10.8,-4.62
2023-11-03 04:38:00,25.8,68.46,-0.5,63.58
2023-11-03 04:39:00,13.2,82.09,-12.6,13.63
2023-11-03 04:40:00,14.1,67.15,0.9,-14.94
2023-11-03 04:41:00,49.6,13.1,35.5,-54.05
2023-11-03 04:42:00,55.7,139.51,6.1,126.41
2023-11-03 04:43:00,23.2,199.08,-32.5,59.57
2023-11-03 04:44:00,16.9,20.51,-6.3,-178.57
2023-11-03 04:45:00,13.5,26.61,-3.4,6.1
2023-11-03 04:46:00,31.4,43.68,17.9,17.07
2023-11-03 04:47:00,13.3,43.47,-18.1,-0.21
2023-11-03 04:48:00,19.7,50.3,6.4,6.83
2023-11-03 04:49:00,15.1,34.42,-4.6,-15.88
2023-11-03 04:50:00,18.1,11.15,3.0,-23.27
2023-11-03 04:51:00,13.0,15.69,-5.1,4.54
2023-11-03 04:52:00,6.8,7.98,-6.2,-7.71
2023-11-03 04:53:00,10.0,22.37,3.2,14.39
2023-11-03 04:54:00,19.9,4.99,9.9,-17.38
2023-11-03 04:55:00,18.8,39.8,-1.1,34.81
2023-11-03 04:56:00,8.2,46.77,-10.6,6.97
2023-11-03 04:57:00,5.1,2.4,-3.1,-44.37
2023-11-03 04:58:00,13.7,0.17,8.6,-2.23
2023-11-03 04:59:00,6.4,8.96,-7.3,8.79
2023-11-03 05:00:00,13.4,13.48,7.0,4.52
2023-11-03 05:01:00,22.7,77.26,9.3,63.78
2023-11-03 05:02:00,25.6,38.83,2.9,-38.43
2023-11-03 05:03:00,14.5,31.02,-11.1,-7.81
2023-11-03 05:04:00,3.2,17.77,-11.3,-13.25
2023-11-03 05:05:00,27.6,44.4,24.4,26.63
2023-11-03 05:06:00,24.4,8.36,-3.2,-36.04
2023-11-03 05:07:00,26.5,40.42,2.1,32.06
2023-11-03 05:08:00,10.5,30.4,-16.0,-10.02
2023-11-03 05:09:00,9.8,21.84,-0.7,-8.56
2023-11-03 05:10:00,12.5,20.75,2.7,-1.09
2023-11-03 05:11:00,4.5,34.79,-8.0,14.04
2023-11-03 05:12:00,7.8,4.72,3.3,-30.07
2023-11-03 05:13:00,13.9,0.48,6.1,-4.24
2023-11-03 05:14:00,16.9,30.71,3.0,30.23
2023-11-03 05:15:00,22.2,20.78,5.3,-9.93
2023-11-03 05:16:00,2.3,62.02,-19.9,41.24
2023-11-03 05:17:00,16.1,35.86,13.8,-26.16
2023-11-03 05:18:00,38.7,206.39,22.6,170.53
2023-11-03 05:19:00,17.4,85.85,-21.3,-120.54
2023-11-03 05:20:00,25.6,70.21,8.2,-15.64
2023-11-03 05:21:00,20.1,161.26,-5.5,91.05
2023-11-03 05:22:00,13.2,47.6,-6.9,-113.66
2023-11-03 05:23:00,11.3,1.56,-1.9,-46.04
2023-11-03 05:24:00,3.3,16.99,-8.0,15.43
2023-11-03 05:25:00,17.9,36.05,14.6,19.06
2023-11-03 05:26:00,10.0,38.06,-7.9,2.01
2023-11-03 05:27:00,3.0,20.54,-7.0,-17.52
2023-11-03 05:28:00,7.4,4.82,4.4,-15.72
2023-11-03 05:29:00,16.1,47.58,8.7,42.76
2023-11-03 05:30:00,17.6,29.6,1.5,-17.98
2023-11-03 05:31:00,41.5,16.8,23.9,-12.8
2023-11-03 05:32:00,32.3,127.12,-9.2,110.32
2023-11-03 05:33:00,27.6,149.53,-4.7,22.41
2023-11-03 05:34:00,20.2,25.46,-7.4,-124.07
2023-11-03 05:35:00,25.1,52.92,4.9,27.46
2023-11-03 05:36:00,29.1,15.84,4.0,-37.08
2023-11-03 05:37:00,70.7,91.26,41.6,75.42
2023-11-03 05:38:00,31.2,124.88,-39.5,33.62
2023-11-03 05:39:00,11.3,0.04,-19.9,-124.84
2023-11-03 05:40:00,23.9,0.44,12.6,0.4
2023-11-03 05:41:00,14.7,1.54,-9.2,1.1
2023-11-03 05:42:00,21.7,40.64,7.0,39.1
2023-11-03 05:43:00,23.7,38.15,2.0,-2.49
2023-11-03 05:44:00,22.7,13.36,-1.0,-24.79
2023-11-03 05:45:00,41.2,12.47,18.5,-0.89
2023-11-03 05:46:00,14.2,2.02,-27.0,-10.45
2023-11-03 05:47:00,28.5,1.24,14.3,-0.78
2023-11-03 05:48:00,21.2,43.39,-7.3,42.15
2023-11-03 05:49:00,33.9,41.07,12.7,-2.32
2023-11-03 05:50:00,33.7,17.92,-0.2,-23.15
2023-11-03 05:51:00,19.0,0.03,-14.7,-17.89
2023-11-03 05:52:00,19.8,42.86,0.8,42.83
2023-11-03 05:53:00,18.0,37.96,-1.8,-4.9
2023-11-03 05:54:00,13.6,16.57,-4.4,-21.39
2023-11-03 05:55:00,17.3,43.1,3.7,26.53
2023-11-03 05:56:00,46.8,3.45,29.5,-39.65
2023-11-03 05:57:00,26.1,5.53,-20.7,2.08
2023-11-03 05:58:00,14.7,14.34,-11.4,8.81
2023-11-03 05:59:00,38.6,36.74,23.9,22.4
2023-11-03 06:00:00,35.7,116.7,-2.9,79.96
2023-11-03 06:01:00,21.1,155.54,-14.6,38.84
2023-11-03 06:02:00,9.3,24.59,-11.8,-130.95
2023-11-03 06:03:00,33.7,60.64,24.4,36.05
2023-11-03 06:04:00,95.8,806.03,62.1,745.39
2023-11-03 06:05:00,28.2,734.91,-67.6,-71.12
2023-11-03 06:06:00,93.1,693.96,64.9,-40.95
2023-11-03 06:07:00,17.9,777.58,-75.2,83.62
2023-11-03 06:08:00,52.0,117.42,34.1,-660.16
2023-11-03 06:09:00,56.8,59.17,4.8,-58.25
2023-11-03 06:10:00,30.8,167.5,-26.0,108.33
2023-11-03 06:11:00,14.2,19.14,-16.6,-148.36
2023-11-03 06:12:00,23.7,44.3,9.5,25.16
2023-11-03 06:13:00,35.6,28.38,11.9,-15.92
2023-11-03 06:14:00,16.7,11.52,-18.9,-16.86
2023-11-03 06:15:00,38.5,28.49,21.8,16.97
2023-11-03 06:16:00,37.9,23.33,-0.6,-5.16
2023-11-03 06:17:00,25.7,39.1,-12.2,15.77
2023-11-03 06:18:00,30.8,62.46,5.1,23.36
2023-11-03 06:19:00,14.8,7.16,-16.0,-55.3
2023-11-03 06:20:00,19.9,30.99,5.1,23.83
2023-11-03 06:21:00,17.3,26.48,-2.6,-4.51
2023-11-03 06:22:00,51.4,407.83,34.1,381.35
2023-11-03 06:23:00,131.2,1239.19,79.8,831.36
2023-11-03 06:24:00,85.5,1208.59,-45.7,-30.6
2023-11-03 06:25:00,98.6,117.69,13.1,-1090.9
2023-11-03 06:26:00,113.4,158.45,14.8,40.76
2023-11-03 06:27:00,120.5,295.38,7.1,136.93
2023-11-03 06:28:00,39.1,613.21,-81.4,317.83
2023-11-03 06:29:00,32.8,2.18,-6.3,-611.03
2023-11-03 06:30:00,33.1,53.4,0.3,51.22
2023-11-03 06:31:00,55.4,92.52,22.3,39.12
2023-11-03 06:32:00,30.7,16.77,-24.7,-75.75
2023-11-03 06:33:00,64.7,13.54,34.0,-3.23
2023-11-03 06:34:00,41.7,9.17,-23.0,-4.37
2023-11-03 06:35:00,52.6,53.99,10.9,44.82
2023-11-03 06:36:00,28.4,1.84,-24.2,-52.15
2023-11-03 06:37:00,18.0,92.53,-10.4,90.69
2023-11-03 06:38:00,32.4,22.12,14.4,-70.41
2023-11-03 06:39:00,30.0,36.35,-2.4,14.23
2023-11-03 06:40:00,39.7,110.93,9.7,74.58
2023-11-03 06:41:00,37.7,82.89,-2.0,-28.04
2023-11-03 06:42:00,19.6,23.21,-18.1,-59.68
2023-11-03 06:43:00,13.9,26.93,-5.7,3.72
2023-11-03 06:44:00,67.9,207.05,54.0,180.12
2023-11-03 06:45:00,74.0,108.25,6.1,-98.8
2023-11-03 06:46:00,44.8,169.55,-29.2,61.3
2023-11-03 06:47:00,46.2,281.13,1.4,111.58
2023-11-03 06:48:00,81.9,190.05,35.7,-91.08
2023-11-03 06:49:00,49.1,220.52,-32.8,30.47
2023-11-03 06:50:00,59.8,78.22,10.7,-142.3
2023-11-03 06:51:00,34.7,80.92,-25.1,2.7
2023-11-03 06:52:00,33.0,50.55,-1.7,-30.37
2023-11-03 06:53:00,31.4,3.03,-1.6,-47.52
2023-11-03 06:54:00,52.4,118.91,21.0,115.88
2023-11-03 06:55:00,40.2,136.45,-12.2,17.54
2023-11-03 06:56:00,32.5,477.59,-7.7,341.14
2023-11-03 06:57:00,29.0,171.66,-3.5,-305.93
2023-11-03 06:58:00,18.2,26.51,-10.8,-145.15
2023-11-03 06:59:00,19.9,21.24,1.7,-5.27
2023-11-03 07:00:00,33.1,38.8,13.2,17.56
2023-11-03 07:01:00,26.8,28.37,-6.3,-10.43
2023-11-03 07:02:00,22.7,66.95,-4.1,38.58
2023-11-03 07:03:00,30.0,146.1,7.3,79.15
2023-11-03 07:04:00,18.5,80.09,-11.5,-66.01
2023-11-03 07:05:00,32.0,45.27,13.5,-34.82
2023-11-03 07:06:00,31.0,80.84,-1.0,35.57
2023-11-03 07:07:00,49.4,29.41,18.4,-51.43
2023-11-03 07:08:00,41.7,114.88,-7.7,85.47
2023-11-03 07:09:00,24.8,42.92,-16.9,-71.96
2023-11-03 07:10:00,41.5,261.87,16.7,218.95
2023-11-03 07:11:00,27.1,32.39,-14.4,-229.48
2023-11-03 07:12:00,32.2,62.5,5.1,30.11
2023-11-03 07:13:00,11.9,89.27,-20.3,26.77
2023-11-03 07:14:00,21.8,1.05,9.9,-88.22
2023-11-03 07:15:00,33.7,20.91,11.9,19.86
2023-11-03 07:16:00,30.2,83.58,-3.5,62.67
2023-11-03 07:17:00,30.4,87.12,0.2,3.54
2023-11-03 07:18:00,20.8,17.9,-9.6,-69.22
2023-11-03 07:19:00,20.9,17.76,0.1,-0.14
2023-11-03 07:20:00,18.2,14.46,-2.7,-3.3
2023-11-03 07:21:00,24.4,3.79,6.2,-10.67
2023-11-03 07:22:00,10.3,4.33,-14.1,0.54
2023-11-03 07:23:00,46.9,20.87,36.6,16.54
2023-11-03 07:24:00,43.6,53.01,-3.3,32.14
2023-11-03 07:25:00,19.7,82.13,-23.9,29.12
2023-11-03 07:26:00,23.3,22.64,3.6,-59.49
2023-11-03 07:27:00,22.7,19.08,-0.6,-3.56
2023-11-03 07:28:00,15.1,1.68,-7.6,-17.4
2023-11-03 07:29:00,22.4,11.77,7.3,10.09
2023-11-03 07:30:00,37.0,151.06,14.6,139.29
2023-11-03 07:31:00,29.7,129.22,-7.3,-21.84
2023-11-03 07:32:00,33.6,22.23,3.9,-106.99
2023-11-03 07:33:00,33.7,45.44,0.1,23.21
2023-11-03 07:34:00,26.6,169.69,-7.1,124.25
2023-11-03 07:35:00,28.1,118.62,1.5,-51.07
2023-11-03 07:36:00,20.3,61.74,-7.8,-56.88
2023-11-03 07:37:00,14.0,34.63,-6.3,-27.11
2023-11-03 07:38:00,24.5,153.92,10.5,119.29
2023-11-03 07:39:00,37.3,137.31,12.8,-16.61
2023-11-03 07:40:00,27.1,258.0,-10.2,120.69
2023-11-03 07:41:00,20.2,9.31,-6.9,-248.69
2023-11-03 07:42:00,12.1,34.9,-8.1,25.59
2023-11-03 07:43:00,19.5,14.74,7.4,-20.16
2023-11-03 07:44:00,16.2,20.69,-3.3,5.95
2023-11-03 07:45:00,22.6,43.45,6.4,22.76
2023-11-03 07:46:00,22.0,35.02,-0.6,-8.43
2023-11-03 07:47:00,21.8,16.02,-0.2,-19.0
2023-11-03 07:48:00,13.9,65.38,-7.9,49.36
2023-11-03 07:49:00,14.2,61.1,0.3,-4.28
2023-11-03 07:50:00,11.5,63.05,-2.7,1.95
2023-11-03 07:51:00,9.9,15.57,-1.6,-47.48
2023-11-03 07:52:00,9.9,28.82,0.0,13.25
2023-11-03 07:53:00,2.6,3.97,-7.3,-24.85
2023-11-03 07:54:00,7.3,38.02,4.7,34.05
2023-11-03 07:55:00,20.6,2.21,13.3,-35.81
2023-11-03 07:56:00,31.0,363.55,10.4,361.34
2023-11-03 07:57:00,25.2,339.6,-5.8,-23.95
2023-11-03 07:58:00,22.7,4.92,-2.5,-334.68
2023-11-03 07:59:00,16.2,37.25,-6.5,32.33
2023-11-03 08:00:00,35.8,26.83,19.6,-10.42
2023-11-03 08:01:00,35.9,95.64,0.1,68.81
2023-11-03 08:02:00,25.4,26.29,-10.5,-69.35
2023-11-03 08:03:00,28.9,64.32,3.5,38.03
2023-11-03 08:04:00,10.7,55.91,-18.2,-8.41
2023-11-03 08:05:00,21.8,11.48,11.1,-44.43
2023-11-03 08:06:00,11.0,1.86,-10.8,-9.62
2023-11-03 08:07:00,8.9,8.89,-2.1,7.03
2023-11-03 08:08:00,9.9,29.46,1.0,20.57
2023-11-03 08:09:00,33.5,20.29,23.6,-9.17
2023-11-03 08:10:00,33.2,0.31,-0.3,-19.98
2023-11-03 08:11:00,11.1,16.6,-22.1,16.29
2023-11-03 08:12:00,17.6,17.33,6.5,0.73
2023-11-03 08:13:00,7.3,25.72,-10.3,8.39
2023-11-03 08:14:00,10.7,7.4,3.4,-18.32
2023-11-03 08:15:00,23.1,68.63,12.4,61.23
2023-11-03 08:16:00,8.7,57.57,-14.4,-11.06
2023-11-03 08:17:00,20.0,23.14,11.3,-34.43
2023-11-03 08:18:00,23.5,37.58,3.5,14.44
2023-11-03 08:19:00,17.0,40.62,-6.5,3.04
2023-11-03 08:20:00,13.8,25.53,-3.2,-15.09
2023-11-03 08:21:00,19.8,66.46,6.0,40.93
2023-11-03 08:22:00,28.9,19.19,9.1,-47.27
2023-11-03 08:23:00,12.7,51.35,-16.2,32.16
2023-11-03 08:24:00,5.0,6.42,-7.7,-44.93
2023-11-03 08:25:00,13.4,6.54,8.4,0.12
2023-11-03 08:26:00,20.8,0.19,7.4,-6.35
2023-11-03 08:27:00,18.9,8.33,-1.9,8.14
2023-11-03 08:28:00,7.0,22.72,-11.9,14.39
2023-11-03 08:29:00,10.3,7.5,3.3,-15.22
2023-11-03 08:30:00,5.0,4.12,-5.3,-3.38
2023-11-03 08:31:00,4.4,0.78,-0.6,-3.34
2023-11-03 08:32:00,12.5,90.83,8.1,90.05
2023-11-03 08:33:00,7.2,90.41,-5.3,-0.42
2023-11-03 08:34:00,41.3,143.7,34.1,53.29
2023-11-03 08:35:00,6.5,152.99,-34.8,9.29
2023-11-03 08:36:00,12.7,14.6,6.2,-138.39
2023-11-03 08:37:00,15.6,7.87,2.9,-6.73
2023-11-03 08:38:00,9.4,11.84,-6.2,3.97
2023-11-03 08:39:00,25.7,99.72,16.3,87.88
2023-11-03 08:40:00,5.9,100.52,-19.8,0.8
2023-11-03 08:41:00,5.0,0.18,-0.9,-100.34
2023-11-03 08:42:00,5.4,0.63,0.4,0.45
2023-11-03 08:43:00,14.7,20.19,9.3,19.56
2023-11-03 08:44:00,9.3,0.09,-5.4,-20.1
2023-11-03 08:45:00,7.0,28.3,-2.3,28.21
2023-11-03 08:46:00,7.7,5.61,0.7,-22.69
2023-11-03 08:47:00,9.3,16.26,1.6,10.65
2023-11-03 08:48:00,6.5,15.66,-2.8,-0.6
2023-11-03 08:49:00,13.2,17.33,6.7,1.67
2023-11-03 08:50:00,15.7,9.28,2.5,-8.05
2023-11-03 08:51:00,11.3,24.72,-4.4,15.44
2023-11-03 08:52:00,9.0,31.04,-2.3,6.32
2023-11-03 08:53:00,20.1,23.03,11.1,-8.01
2023-11-03 08:54:00,11.1,2.87,-9.0,-20.16
2023-11-03 08:55:00,28.0,52.13,16.9,49.26
2023-11-03 08:56:00,22.2,22.08,-5.8,-30.05
2023-11-03 08:57:00,9.9,39.47,-12.3,17.39
2023-11-03 08:58:00,13.6,2.56,3.7,-36.91
2023-11-03 08:59:00,4.9,44.64,-8.7,42.08
2023-11-03 09:00:00,13.6,13.42,8.7,-31.22
2023-11-03 09:01:00,13.0,18.97,-0.6,5.55
2023-11-03 09:02:00,2.2,15.59,-10.8,-3.38
2023-11-03 09:03:00,11.8,29.14,9.6,13.55
2023-11-03 09:04:00,5.0,18.52,-6.8,-10.62
2023-11-03 09:05:00,12.9,10.75,7.9,-7.77
2023-11-03 09:06:00,16.8,21.46,3.9,10.71
2023-11-03 09:07:00,5.0,15.07,-11.8,-6.39
2023-11-03 09:08:00,7.2,2.42,2.2,-12.65
2023-11-03 09:09:00,20.6,18.79,13.4,16.37
2023-11-03 09:10:00,14.4,48.25,-6.2,29.46
2023-11-03 09:11:00,38.7,279.52,24.3,231.27
2023-11-03 09:12:00,20.6,238.41,-18.1,-41.11
2023-11-03 09:13:00,6.0,111.52,-14.6,-126.89
2023-11-03 09:14:00,0.1,12.98,-5.9,-98.54
2023-11-03 09:15:00,13.2,39.24,13.1,26.26
2023-11-03 09:16:00,1.4,36.94,-11.8,-2.3
2023-11-03 09:17:00,10.5,17.11,9.1,-19.83
2023-11-03 09:18:00,4.4,1.86,-6.1,-15.25
2023-11-03 09:19:00,3.4,8.12,-1.0,6.26
