Date,VAH,VAL,POC,VWAP,Day_High,Day_Low,Price_Range[VAH-VAL]
2020-04-01,6398.0,6200.0,6295.5,6491.33,6687.0,6145.0,198.0
2020-04-02,6966.5,6569.5,6638.5,6856.83,7230.5,6543.5,397.0
2020-04-03,7044.0,6760.5,6894.5,6792.0,7044.0,6604.5,283.5
2020-04-04,6814.5,6682.5,6748.5,6840.5,7012.0,6646.0,132.0
2020-04-05,6807.0,6762.0,6791.0,6780.0,6889.0,6680.0,45.0
2020-04-06,7180.0,6762.0,6838.0,7149.17,7363.0,6762.0,418.0
2020-04-07,7417.0,7273.0,7356.0,7243.17,7458.5,7072.5,144.0
2020-04-08,7367.0,7257.0,7335.0,7308.0,7417.0,7150.5,110.0
2020-04-09,7285.5,7123.5,7171.5,7256.33,7364.0,7123.0,162.0
2020-04-10,6992.5,6811.5,6916.5,6961.83,7287.0,6741.5,181.0
2020-04-11,6930.0,6834.0,6850.0,6857.5,6938.0,6760.0,96.0
2020-04-12,7060.0,6780.5,6976.0,6950.33,7170.0,6780.0,279.5
2020-04-13,6808.5,6653.5,6687.5,6764.17,6901.0,6557.0,155.0
2020-04-14,6920.5,6829.5,6854.5,6861.33,6967.0,6752.5,91.0
2020-04-15,6826.5,6677.0,6716.5,6715.0,6924.5,6603.0,149.5
2020-04-16,7155.5,6926.5,7044.5,6917.67,7188.0,6465.5,229.0
2020-04-17,7079.5,7021.5,7049.5,7047.5,7138.5,6982.0,58.0
2020-04-18,7272.0,7131.5,7215.0,7180.83,7289.0,7013.5,140.5
2020-04-19,7171.5,7088.5,7143.5,7140.17,7255.0,7047.0,83.0
2020-04-20,7116.0,6837.5,7037.5,6929.5,7211.0,6750.0,278.5
2020-04-21,6895.5,6823.5,6879.5,6844.67,6937.0,6759.5,72.0
2020-04-22,7159.0,6949.5,7100.0,7032.67,7159.5,6815.5,209.5
2020-04-23,7741.0,7459.0,7548.0,7414.0,7743.5,7015.0,282.0
2020-04-24,7541.5,7478.5,7504.5,7502.5,7608.5,7400.0,63.0
2020-04-25,7666.0,7502.5,7547.5,7558.17,7702.5,7437.0,163.5
2020-04-26,7635.0,7496.0,7500.0,7628.67,7698.5,7496.0,139.0
2020-04-27,7764.5,7678.5,7753.5,7729.33,7791.5,7624.0,86.0
2020-04-28,7750.0,7698.0,7729.0,7728.0,7778.0,7663.0,52.0
2020-04-29,8951.5,8300.5,8800.0,8479.67,8951.5,7709.5,651.0
2020-04-30,9112.0,8462.0,8800.0,8828.5,9458.0,8402.5,650.0
2020-05-01,8857.0,8679.0,8745.0,8833.33,9060.5,8619.0,178.0
2020-05-02,8944.0,8811.0,8915.0,8913.17,9010.0,8757.0,133.0
2020-05-03,9034.5,8772.0,8869.5,8937.0,9191.0,8725.0,262.5
2020-05-04,8829.0,8574.0,8710.0,8783.67,8953.0,8525.0,255.0
2020-05-05,8998.0,8815.0,8859.0,8966.67,9105.5,8771.0,183.0
2020-05-06,9356.0,9107.5,9214.0,9154.33,9393.5,8920.0,248.5
2020-05-07,9837.5,9151.0,9287.5,9694.67,10059.5,9038.0,686.5
2020-05-08,9972.0,9822.0,9911.0,9852.17,10035.0,9716.5,150.0
2020-05-09,9744.0,9558.0,9606.0,9661.17,9912.0,9525.5,186.0
2020-05-10,8796.5,8475.5,8621.5,8815.67,9569.0,8153.0,321.0
2020-05-11,8880.0,8423.0,8600.0,8633.17,9158.5,8182.0,457.0
2020-05-12,8852.0,8613.0,8755.0,8772.5,8973.0,8531.5,239.0
2020-05-13,9400.5,9018.5,9300.0,9165.5,9400.5,8794.5,382.0
2020-05-14,9792.0,9570.0,9650.0,9662.17,9940.0,9258.5,222.0
2020-05-15,9637.0,9313.5,9617.0,9432.0,9840.5,9140.5,323.5
2020-05-16,9489.0,9338.0,9380.0,9395.17,9583.0,9220.0,151.0
2020-05-17,9886.0,9531.0,9747.5,9628.0,9886.0,9323.0,355.0
2020-05-18,9808.0,9539.0,9690.0,9721.67,9957.5,9479.0,269.0
2020-05-19,9755.0,9550.0,9620.0,9712.0,9896.0,9470.0,205.0
2020-05-20,9708.0,9356.5,9427.0,9561.0,9848.5,9323.5,351.5
2020-05-21,9325.5,8813.0,9100.0,9151.0,9573.0,8813.0,512.5
2020-05-22,9167.0,8966.5,9100.0,9122.0,9264.5,8933.5,200.5
2020-05-23,9224.0,9110.0,9200.0,9187.67,9308.5,9082.0,114.0
2020-05-24,9204.5,8858.5,9060.0,8898.33,9295.0,8690.0,346.0
2020-05-25,8865.0,8719.0,8770.0,8836.0,8974.0,8640.5,146.0
2020-05-26,8918.0,8775.0,8820.0,8845.5,9011.0,8683.5,143.0
2020-05-27,9221.5,8984.0,9130.0,9077.17,9222.0,8815.0,237.5
2020-05-28,9608.5,9276.5,9448.0,9433.0,9614.5,9112.5,332.0
2020-05-29,9505.0,9368.0,9456.0,9451.5,9600.0,9329.5,137.0
2020-05-30,9734.5,9491.0,9681.0,9585.17,9735.0,9327.5,243.5
2020-05-31,9672.5,9510.5,9658.5,9511.67,9695.0,9390.5,162.0
2020-06-01,10036.0,9422.5,9654.0,9992.5,10352.0,9422.0,613.5
2020-06-02,9838.5,9289.0,9498.5,9679.17,10226.0,9288.0,549.5
2020-06-03,9602.0,9498.0,9500.0,9582.83,9693.5,9395.0,104.0
2020-06-04,9876.0,9635.0,9745.0,9708.33,9876.0,9460.0,241.0
2020-06-05,9782.5,9657.5,9663.5,9691.67,9851.5,9601.0,125.0
2020-06-06,9663.0,9570.0,9630.0,9644.0,9730.0,9538.0,93.0
2020-06-07,9807.5,9516.5,9615.0,9643.0,9807.5,9380.5,291.0
2020-06-08,9739.5,9662.5,9675.5,9738.67,9799.0,9640.5,77.0
2020-06-09,9762.0,9644.0,9676.0,9737.5,9873.5,9569.5,118.0
2020-06-10,9880.5,9716.5,9762.5,9855.67,9995.0,9688.0,164.0
2020-06-11,9769.5,9101.0,9200.0,9448.0,9968.0,9100.5,668.5
2020-06-12,9493.0,9358.0,9450.0,9416.33,9550.0,9236.5,135.0
2020-06-13,9441.5,9399.5,9412.5,9438.17,9494.0,9350.5,42.0
2020-06-14,9429.0,9335.0,9390.0,9353.5,9477.5,9243.0,94.0
2020-06-15,9302.5,9009.0,9039.0,9270.5,9487.0,8906.5,293.5
2020-06-16,9545.0,9446.0,9490.0,9492.67,9584.5,9372.5,99.0
2020-06-17,9505.0,9381.0,9400.0,9423.0,9564.0,9243.0,124.0
2020-06-18,9445.0,9374.0,9400.0,9381.83,9485.5,9277.0,71.0
2020-06-19,9361.0,9262.0,9300.0,9329.0,9439.5,9241.0,99.0
2020-06-20,9371.0,9279.0,9350.0,9306.5,9392.0,9176.5,92.0
2020-06-21,9382.0,9330.0,9375.0,9332.17,9415.5,9286.0,52.0
2020-06-22,9627.5,9381.5,9570.0,9581.5,9782.0,9279.0,246.0
2020-06-23,9662.0,9609.0,9620.0,9640.0,9718.0,9582.0,53.0
2020-06-24,9470.0,9210.0,9350.0,9393.67,9670.0,9210.0,260.0
2020-06-25,9318.0,9180.0,9230.0,9196.67,9337.0,9008.0,138.0
2020-06-26,9234.0,9111.0,9145.0,9167.83,9290.0,9050.0,123.0
2020-06-27,9194.0,8989.5,9150.0,9015.5,9194.0,8840.0,204.5
2020-06-28,9131.0,8955.0,8970.0,9082.67,9190.0,8938.0,176.0
2020-06-29,9161.5,9064.5,9118.5,9149.67,9234.0,9027.0,97.0
2020-06-30,9171.0,9114.0,9138.0,9137.17,9205.0,9071.0,57.0
2020-07-01,9289.0,9162.0,9225.0,9206.5,9289.0,9100.0,127.0
2020-07-02,9260.0,9063.0,9212.0,9095.17,9260.0,8939.5,197.0
2020-07-03,9113.0,9080.0,9107.0,9074.5,9124.5,9037.0,33.0
2020-07-04,9129.0,9044.0,9073.0,9121.83,9185.5,9044.0,85.0
2020-07-05,9086.0,9004.0,9037.0,9042.5,9143.5,8910.0,82.0
2020-07-06,9326.0,9191.0,9310.0,9256.33,9367.0,9063.0,135.0
2020-07-07,9279.0,9235.0,9251.0,9274.67,9370.0,9205.0,44.0
2020-07-08,9466.5,9294.5,9430.0,9376.0,9466.5,9232.5,172.0
2020-07-09,9372.0,9161.0,9211.0,9277.83,9439.0,9161.0,211.0
2020-07-10,9245.0,9158.0,9220.0,9234.33,9300.0,9125.0,87.0
2020-07-11,9256.0,9187.0,9208.0,9231.67,9284.0,9180.0,69.0
2020-07-12,9274.0,9195.0,9200.0,9262.33,9335.0,9157.0,79.0
2020-07-13,9324.5,9245.5,9278.5,9257.33,9335.5,9199.5,79.0
2020-07-14,9238.0,9167.0,9220.0,9212.33,9271.5,9116.0,71.0
2020-07-15,9228.0,9176.0,9180.0,9207.67,9265.0,9161.5,52.0
2020-07-16,9140.0,9064.0,9130.0,9132.17,9219.5,9045.5,76.0
2020-07-17,9155.0,9098.0,9109.0,9141.17,9180.0,9087.5,57.0
2020-07-18,9200.0,9148.0,9159.0,9169.33,9214.0,9125.5,52.0
2020-07-19,9215.0,9134.5,9200.0,9178.5,9224.5,9108.0,80.5
2020-07-20,9180.0,9145.0,9164.0,9166.0,9210.0,9134.0,35.0
2020-07-21,9400.0,9309.0,9356.0,9323.33,9437.0,9153.0,91.0
2020-07-22,9484.0,9285.0,9306.0,9443.0,9537.0,9276.5,199.0
2020-07-23,9559.0,9460.0,9485.0,9565.67,9662.0,9440.0,99.0
2020-07-24,9585.5,9509.5,9531.5,9545.67,9630.0,9472.0,76.0
2020-07-25,9686.0,9558.0,9586.0,9649.0,9730.0,9525.0,128.0
2020-07-26,10030.5,9765.0,9910.0,9900.67,10138.0,9641.5,265.5
2020-07-27,10859.0,9923.0,10408.0,10782.83,11393.0,9922.5,936.0
2020-07-28,11096.0,10857.0,10970.0,10907.33,11241.5,10571.0,239.0
2020-07-29,11215.0,10958.0,10973.0,11097.17,11345.0,10840.0,257.0
2020-07-30,11072.0,10900.0,11000.0,11035.67,11170.0,10835.0,172.0
2020-07-31,11422.0,11175.0,11390.0,11248.67,11443.5,10963.5,247.0
2020-08-01,11770.0,11517.0,11650.0,11636.0,11865.5,11230.0,253.0
2020-08-02,11360.0,10938.0,11150.0,11238.67,12113.5,10529.5,422.0
2020-08-03,11360.0,11117.0,11250.0,11213.67,11471.5,10943.5,243.0
2020-08-04,11314.5,11134.5,11257.5,11210.83,11418.0,11018.5,180.0
2020-08-05,11717.0,11477.0,11600.0,11541.33,11780.0,11099.5,240.0
2020-08-06,11833.0,11630.0,11700.0,11745.33,11901.0,11571.0,203.0
2020-08-07,11906.0,11583.0,11700.0,11615.17,11916.5,11333.5,323.0
2020-08-08,11794.0,11636.0,11688.0,11699.83,11810.0,11523.0,158.0
2020-08-09,11721.0,11587.0,11709.0,11672.67,11799.5,11532.0,134.0
2020-08-10,11974.0,11685.0,11715.0,11817.5,12063.0,11498.5,289.0
2020-08-11,11702.0,11224.0,11593.0,11490.83,11934.5,11144.0,478.0
2020-08-12,11613.5,11366.0,11462.5,11447.5,11613.5,11162.0,247.5
2020-08-13,11662.0,11389.0,11500.0,11624.0,11790.0,11293.0,273.0
2020-08-14,11843.0,11711.0,11801.0,11763.0,11861.0,11659.0,132.0
2020-08-15,11950.5,11823.5,11868.5,11848.5,11981.5,11700.0,127.0
2020-08-16,11902.5,11797.5,11833.5,11852.33,11936.0,11706.5,105.0
2020-08-17,12499.0,12016.5,12400.0,12195.5,12499.5,11790.0,482.5
2020-08-18,12195.5,11812.5,12000.0,12048.67,12395.0,11801.0,383.0
2020-08-19,11855.0,11675.0,11773.0,11782.67,12023.0,11566.0,180.0
2020-08-20,11836.0,11705.0,11777.0,11810.0,11892.5,11680.5,131.0
2020-08-21,11740.0,11499.5,11593.0,11637.83,11881.0,11499.0,240.5
2020-08-22,11599.0,11408.0,11469.0,11581.17,11684.0,11391.0,191.0
2020-08-23,11646.5,11532.0,11556.5,11635.83,11722.5,11525.0,114.5
2020-08-24,11802.0,11724.0,11772.0,11732.33,11826.0,11605.0,78.0
2020-08-25,11494.0,11125.0,11433.0,11405.33,11766.0,11125.0,369.0
2020-08-26,11505.0,11342.0,11460.0,11419.83,11541.5,11257.0,163.0
2020-08-27,11515.5,11285.5,11498.5,11352.83,11585.0,11144.0,230.0
2020-08-28,11526.0,11390.0,11410.0,11449.17,11533.5,11292.0,136.0
2020-08-29,11520.0,11448.0,11470.0,11491.0,11575.0,11426.0,72.0
2020-08-30,11653.0,11588.0,11630.0,11632.0,11719.0,11467.0,65.0
2020-08-31,11746.0,11654.0,11685.0,11671.0,11775.0,11577.0,92.0
2020-10-01,10909.0,10572.5,10850.0,10661.67,10909.5,10464.5,336.5
2020-10-02,10615.0,10472.0,10605.0,10535.5,10648.0,10392.0,143.0
2020-10-03,10560.0,10524.0,10552.0,10548.0,10601.0,10502.0,36.0
2020-10-04,10675.0,10593.0,10649.0,10622.67,10681.0,10521.0,82.0
2020-10-05,10742.5,10663.5,10708.5,10726.33,10782.0,10618.0,79.0
2020-10-06,10771.0,10629.5,10728.0,10637.67,10782.0,10531.0,141.5
2020-10-07,10627.0,10571.0,10610.0,10626.17,10668.0,10554.0,56.0
2020-10-08,10869.0,10532.0,10626.0,10794.33,10945.0,10532.0,337.0
2020-10-09,11074.0,10947.5,10973.0,10989.67,11092.0,10826.0,126.5
2020-10-10,11425.0,11320.0,11400.0,11281.0,11490.0,11049.5,105.0
2020-10-11,11407.5,11332.5,11359.5,11369.0,11447.0,11286.0,75.0
2020-10-12,11557.5,11201.0,11304.5,11491.33,11729.0,11200.0,356.5
2020-10-13,11530.5,11399.5,11483.5,11436.17,11560.0,11323.0,131.0
2020-10-14,11466.0,11346.0,11391.0,11421.0,11549.5,11295.0,120.0
2020-10-15,11471.0,11299.0,11320.0,11454.5,11612.0,11260.0,172.0
2020-10-16,11368.0,11260.0,11359.0,11351.83,11533.5,11203.5,108.0
2020-10-17,11363.5,11309.5,11345.5,11343.83,11411.0,11260.5,54.0
2020-10-18,11466.0,11405.0,11450.0,11448.0,11500.0,11352.0,61.0
2020-10-19,11808.0,11568.0,11683.0,11652.33,11815.5,11406.5,240.0
2020-10-20,11980.0,11783.0,11927.0,11879.83,12058.5,11679.0,197.0
2020-10-21,13239.0,12346.5,12705.0,12649.33,13239.5,11888.5,892.5
2020-10-22,13131.5,12844.5,12868.5,12961.17,13195.5,12701.5,287.0
2020-10-23,12998.0,12894.0,12980.0,12902.17,13032.0,12743.0,104.0
2020-10-24,13162.0,12986.5,13106.0,13051.17,13162.0,12881.0,175.5
2020-10-25,13140.5,12846.0,12997.0,13076.5,13360.0,12845.0,294.5
2020-10-26,13103.0,12787.0,12855.0,13020.67,13243.0,12769.0,316.0
2020-10-27,13776.5,13363.5,13665.0,13486.17,13777.0,13044.5,413.0
2020-10-28,13578.5,12907.0,13025.0,13336.5,13858.0,12892.0,671.5
2020-10-29,13622.0,13215.5,13430.0,13344.83,13622.0,12975.0,406.5
2020-10-30,13534.0,13177.0,13340.0,13437.83,13655.0,13114.0,357.0
2020-10-31,13983.5,13652.5,13750.0,13771.83,14120.0,13413.5,331.0
2020-11-01,13784.0,13664.0,13730.0,13745.33,13875.0,13611.0,120.0
2020-11-02,13625.0,13313.0,13350.0,13523.67,13818.5,13207.0,312.0
2020-11-03,14058.5,13483.0,13700.0,13783.67,14058.5,13280.5,575.5
2020-11-04,14027.5,13563.0,13788.5,13970.0,14249.0,13531.0,464.5
2020-11-05,15308.5,14461.5,14900.0,15150.83,15758.0,14100.5,847.0
2020-11-06,15700.0,15420.0,15500.0,15583.5,15976.0,15201.5,280.0
2020-11-07,15753.5,14887.0,15712.0,14977.5,15757.5,14359.5,866.5
2020-11-08,15431.0,14952.5,15350.0,15285.17,15650.0,14724.0,478.5
2020-11-09,15618.0,15179.0,15380.0,15332.83,15848.0,14825.0,439.0
2020-11-10,15371.0,15204.0,15285.0,15288.0,15476.0,15091.5,167.0
2020-11-11,15757.0,15276.5,15402.0,15651.0,15989.0,15276.5,480.5
2020-11-12,16161.0,15792.0,16068.0,16026.17,16340.0,15453.5,369.0
2020-11-13,16353.0,16106.0,16270.0,16248.0,16464.5,15961.0,247.0
2020-11-14,16029.0,15770.0,16000.0,16030.33,16319.5,15711.5,259.0
2020-11-15,16083.0,15915.0,16000.0,15952.67,16149.5,15769.0,168.0
2020-11-16,16684.0,15866.0,16215.0,16480.17,16872.0,15866.0,818.0
2020-11-17,17747.5,16872.0,16965.0,17374.0,17893.0,16565.5,875.5
2020-11-18,18098.0,17595.0,17700.0,17847.83,18504.5,17247.0,503.0
2020-11-19,18063.5,17647.5,17957.5,17784.17,18195.0,17355.0,416.0
2020-11-20,18584.5,17763.5,18209.0,18417.0,18825.0,17763.0,821.0
2020-11-21,18830.0,18594.0,18723.0,18674.67,18981.5,18329.5,236.0
2020-11-22,18675.0,18206.0,18396.0,18287.83,18775.0,17667.0,469.0
2020-11-23,18575.0,18227.0,18291.0,18402.83,18804.0,18045.0,348.0
2020-11-24,19055.5,18050.0,18449.0,18870.17,19400.5,18050.0,1005.5
2020-11-25,19185.0,18737.0,19000.0,18928.0,19531.0,18515.5,448.0
2020-11-26,18003.0,16790.5,17930.0,17426.33,18923.0,16202.0,1212.5
2020-11-27,17138.5,16655.5,16782.5,17013.0,17455.0,16452.0,483.0
2020-11-28,17860.0,17117.0,17700.0,17481.0,17860.0,16867.0,743.0
2020-11-29,18239.0,17910.0,18088.0,18007.67,18324.5,17519.5,329.0
2020-11-30,19923.5,18770.0,19225.0,19273.83,19930.5,18179.0,1153.5
2020-12-01,19392.5,18173.5,18188.0,18936.33,19948.0,18090.5,1219.0
2020-12-02,19248.0,18772.0,19118.0,18964.5,19344.0,18332.0,476.0
2020-12-03,19488.0,19128.0,19400.0,19310.33,19620.0,18876.0,360.0
2020-12-04,19133.5,18669.5,19000.0,18923.67,19527.0,18576.5,464.0
2020-12-05,19154.0,18880.5,19000.0,18946.17,19183.0,18512.0,273.5
2020-12-06,19280.0,19030.0,19080.0,19220.17,19428.5,18866.0,250.0
2020-12-07,19372.0,19129.0,19208.0,19176.17,19431.0,18921.0,243.0
2020-12-08,19305.5,18560.5,18725.5,18602.33,19306.0,18179.0,745.0
2020-12-09,18387.0,17928.0,18250.0,18273.83,18632.0,17649.5,459.0
2020-12-10,18480.0,18175.0,18298.0,18233.0,18542.0,17917.0,305.0
2020-12-11,18016.0,17715.0,17898.0,17957.67,18280.0,17567.0,301.0
2020-12-12,18686.0,18024.0,18450.0,18581.17,18940.0,18024.0,662.0
2020-12-13,19396.5,19122.5,19293.5,19100.0,19422.5,18700.5,274.0
2020-12-14,19246.0,19095.0,19193.0,19213.83,19348.0,19017.5,151.0
2020-12-15,19529.5,19252.5,19405.5,19352.33,19585.5,19057.5,277.0
2020-12-16,21599.0,20006.0,21331.0,20747.0,21599.5,19277.5,1593.0
2020-12-17,23269.0,22097.5,22310.0,22649.5,23893.0,21256.0,1171.5
2020-12-18,23228.0,22734.0,23000.0,22931.17,23309.0,22367.5,494.0
2020-12-19,23868.0,22907.0,23179.0,23630.67,24278.0,22765.5,961.0
2020-12-20,23756.0,23189.0,23500.0,23632.33,24344.0,23084.5,567.0
2020-12-21,23336.0,22182.0,22722.0,22938.0,24124.5,21959.0,1154.0
2020-12-22,23407.0,22379.0,22380.0,23355.0,23849.0,22379.0,1028.0
2020-12-23,23645.0,22819.5,23040.0,23342.83,24192.0,22606.0,825.5
2020-12-24,23351.5,22873.5,23032.5,23401.67,23778.0,22702.5,478.0
2020-12-25,24733.5,23942.5,24558.5,24327.5,24809.0,23460.0,791.0
2020-12-26,25955.5,24521.5,24837.5,25987.33,26919.0,24521.0,1434.0
2020-12-27,27687.0,26584.0,26789.0,26866.5,28468.0,25865.0,1103.0
2020-12-28,27313.0,26782.0,26950.0,26900.83,27514.0,26101.0,531.0
2020-12-29,26910.0,26284.0,26712.0,26919.5,27427.5,25930.0,626.0
2020-12-30,28495.0,27570.0,27720.0,28446.0,29034.0,27397.0,925.0
2020-12-31,29246.0,28511.0,28900.0,28706.67,29357.0,27841.5,735.0
2021-01-01,29488.0,29078.0,29274.0,29217.5,29673.5,28654.0,410.0
2021-01-02,32000.0,28967.5,29347.5,31549.17,33450.0,28967.5,3032.5
2021-01-03,34193.5,32831.5,32879.5,33266.5,34820.0,32016.5,1362.0
2021-01-04,33277.5,30417.0,31000.0,31187.83,33616.5,27923.0,2860.5
2021-01-05,33318.5,30411.5,31500.0,32807.17,34496.5,29905.5,2907.0
2021-01-06,35447.5,33895.5,35000.0,35722.5,37027.5,33364.5,1552.0
2021-01-07,40045.0,37468.5,38501.0,38791.5,40560.5,36301.0,2576.5
2021-01-08,41820.5,39099.5,39500.0,39755.33,42100.0,36524.5,2721.0
2021-01-09,40917.0,40014.0,40288.0,40092.17,41475.5,38726.5,903.0
2021-01-10,40063.0,36688.5,39900.0,38288.83,41363.5,35333.5,3374.5
2021-01-11,35794.0,32392.0,33000.0,34694.17,38278.0,30427.0,3402.0
2021-01-12,35555.5,33749.0,34590.0,34457.0,36672.0,32620.0,1806.5
2021-01-13,35223.5,32818.5,34750.0,35908.33,37854.0,32453.5,2405.0
2021-01-14,39942.5,38190.0,39529.0,38660.83,40076.0,36739.0,1752.5
2021-01-15,38826.0,35581.0,38070.0,36997.33,39763.0,34512.5,3245.0
2021-01-16,37888.0,36401.5,37200.0,36456.0,37992.5,35380.0,1486.5
2021-01-17,35899.0,34335.5,35300.0,35520.17,36841.5,33847.5,1563.5
2021-01-18,36656.0,35298.5,36500.0,36317.67,37489.0,34802.0,1357.5
2021-01-19,37250.0,36344.0,36370.0,36556.17,37920.0,35857.0,906.0
2021-01-20,35670.0,34388.0,34894.0,35087.33,36418.0,33370.0,1282.0
2021-01-21,33085.5,31108.0,31687.0,32206.0,35576.5,30130.0,1977.5
2021-01-22,32675.0,29846.0,32400.0,31886.67,33777.0,28913.5,2829.0
2021-01-23,32590.0,31595.0,31800.0,32313.17,33445.0,31395.0,995.0
2021-01-24,32638.5,31553.0,31900.0,32076.33,33065.0,30939.5,1085.5
2021-01-25,33842.0,32197.0,32700.0,33017.83,34820.0,31949.0,1645.0
2021-01-26,32097.5,31163.5,31305.5,32069.0,32895.0,30841.0,934.0
2021-01-27,31628.0,30067.5,30650.0,30725.67,32529.0,29273.0,1560.5
2021-01-28,32321.5,30881.5,31144.0,32312.83,33733.0,29846.5,1440.0
2021-01-29,38608.5,34363.5,37000.0,34955.33,38632.0,32012.0,4245.0
2021-01-30,34453.0,33675.0,34100.0,34015.17,34911.5,32826.5,778.0
2021-01-31,34328.5,32976.0,33600.0,33246.67,34379.5,32232.5,1352.5
2021-02-01,34056.5,33290.0,33580.0,33527.0,34680.5,32344.5,766.5
2021-02-02,36023.0,34609.5,34800.0,34997.17,36023.5,33461.5,1413.5
2021-02-03,37216.0,36080.0,36800.0,36887.83,37641.0,35420.0,1136.0
2021-02-04,38090.0,37066.0,37700.0,37332.83,38779.5,36233.0,1024.0
2021-02-05,38245.0,37388.0,38100.0,37753.0,38356.0,36615.0,857.0
2021-02-06,40811.0,39253.5,40561.0,39497.83,40950.0,38224.5,1557.5
2021-02-07,39018.5,37849.5,38501.5,38664.0,39727.0,37439.5,1169.0
2021-02-08,45211.5,41646.5,43700.0,43817.0,46990.0,38061.0,3565.0
2021-02-09,47337.0,46227.0,47000.0,46575.83,48223.0,45056.5,1110.0
2021-02-10,46322.0,43800.5,44700.0,45356.83,47444.0,43800.0,2521.5
2021-02-11,48742.5,45463.5,47900.0,46939.5,48758.0,44042.5,3279.0
2021-02-12,48005.5,47006.0,47400.0,47574.33,49179.5,46174.5,999.5
2021-02-13,47450.0,46708.0,46950.0,47235.33,48206.5,46300.0,742.0
2021-02-14,49444.0,48515.0,49200.0,48541.5,49834.0,47100.0,929.0
2021-02-15,48866.5,47074.5,48000.0,47592.67,49103.0,45712.5,1792.0
2021-02-16,49853.0,48556.0,49200.0,49053.0,50844.5,47140.5,1297.0
2021-02-17,51815.5,49800.0,51000.0,51295.0,52690.0,49014.5,2015.5
2021-02-18,52305.0,51687.0,52000.0,51734.33,52589.5,51043.5,618.0
2021-02-19,54750.5,50832.5,53227.0,54438.5,56550.0,50832.5,3918.0
2021-02-20,56881.5,55223.5,55850.0,55878.17,57667.0,54077.0,1658.0
2021-02-21,57549.0,55796.0,56600.0,57132.5,58399.0,55539.5,1753.0
2021-02-22,57041.0,52324.0,56400.0,53199.0,57556.0,48000.0,4717.0
2021-02-23,49198.0,45765.5,48000.0,49318.83,54125.0,44949.0,3432.5
2021-02-24,50688.0,48828.0,49550.0,49373.83,51382.0,47010.0,1860.0
2021-02-25,51233.0,48910.0,49800.0,48640.0,52037.0,46750.0,2323.0
2021-02-26,47363.0,45678.0,46300.0,46298.83,48423.0,44150.0,1685.0
2021-02-27,47838.0,46690.0,47500.0,46503.5,48373.5,45000.0,1148.0
2021-02-28,45556.5,43866.0,45000.0,44967.33,46666.0,43080.0,1690.5
2021-03-01,49380.5,46566.5,48500.0,48120.33,49775.0,44983.0,2814.0
2021-03-02,49809.0,48132.0,49000.0,48589.17,50206.0,47095.0,1677.0
2021-03-03,52150.5,50155.5,51200.0,50385.5,52622.0,48150.5,1995.0
2021-03-04,50693.5,48815.0,49500.0,49246.83,51800.0,47544.5,1878.5
2021-03-05,48127.0,46533.5,46700.0,48216.17,49463.0,46411.0,1593.5
2021-03-06,49177.0,47920.0,48400.0,48407.0,49177.0,47170.0,1257.0
2021-03-07,51312.5,49924.5,50700.0,50439.67,51465.5,48874.0,1388.0
2021-03-08,51541.5,50010.0,50800.0,51365.0,52370.0,49385.0,1531.5
2021-03-09,54474.0,53388.0,54200.0,53904.67,54933.0,51856.5,1086.0
2021-03-10,56932.5,54664.0,55200.0,55505.33,57425.0,53160.0,2268.5
2021-03-11,57196.0,55150.0,56000.0,56817.67,58188.0,54455.0,2046.0
2021-03-12,57457.0,56360.0,56500.0,56831.67,58100.0,55157.0,1097.0
2021-03-13,60575.0,56702.0,59900.0,59802.5,61939.5,56157.5,3873.0
2021-03-14,60760.5,59349.0,60000.0,59966.17,61775.5,59055.0,1411.5
2021-03-15,57834.5,54708.0,56000.0,57010.5,60704.0,54707.5,3126.5
2021-03-16,56531.5,54545.5,54843.5,55750.67,56938.0,53376.0,1986.0
2021-03-17,56841.5,54209.0,56000.0,57344.0,58940.0,54209.0,2632.5
2021-03-18,59557.0,57934.0,59000.0,58334.67,60206.0,57112.0,1623.0
2021-03-19,59080.5,57895.0,58800.0,57987.83,59477.0,56366.0,1185.5
2021-03-20,59265.0,58287.0,58500.0,58655.5,59900.0,57882.5,978.0
2021-03-21,58240.5,56799.0,57200.0,57164.0,58629.5,55511.5,1441.5
2021-03-22,58402.0,56386.0,57000.0,55396.33,58402.5,53675.5,2016.0
2021-03-23,55783.5,54270.0,55010.0,54426.17,55833.0,53029.5,1513.5
2021-03-24,56451.0,53298.0,54218.0,53730.0,57150.0,51707.0,3153.0
2021-03-25,52315.0,50638.5,52000.0,51711.67,53261.0,50504.0,1676.5
2021-03-26,53816.5,52167.0,53500.0,53779.0,55042.5,51294.5,1649.5
2021-03-27,55631.0,54018.5,54800.0,55514.5,56665.5,54018.5,1612.5
2021-03-28,56328.0,55516.5,56000.0,55670.83,56511.0,54741.5,811.5
2021-03-29,58365.5,56899.5,57800.0,57055.17,58450.0,55006.0,1466.0
2021-03-30,58935.5,57201.0,58000.0,58461.67,59442.0,57201.0,1734.5
2021-03-31,59835.0,58203.5,59000.0,58571.5,59855.0,57000.0,1631.5
2021-04-01,59131.0,58623.0,59000.0,58764.33,59496.0,58044.0,508.0
2021-04-02,59930.0,58963.5,59600.0,59295.0,60300.0,58565.0,966.5
2021-04-03,59617.0,58272.5,59300.0,57982.67,59863.0,56950.0,1344.5
2021-04-04,58295.0,57394.0,58000.0,57738.83,58428.0,56580.5,901.0
2021-04-05,59207.0,57686.5,59100.0,58444.67,59252.5,56902.0,1520.5
2021-04-06,58890.5,57814.5,58100.0,58386.17,59552.0,57580.0,1076.0
2021-04-07,57550.5,55535.0,56000.0,56704.0,58620.0,55535.0,2015.5
2021-04-08,57926.0,56707.5,57500.0,57302.5,58108.5,55750.5,1218.5
2021-04-09,58546.0,58006.0,58400.0,58225.17,58861.0,57686.5,540.0
2021-04-10,61336.5,59289.0,60200.0,59800.5,61671.5,57940.0,2047.5
2021-04-11,60511.5,59714.0,60463.5,60028.67,60719.5,59333.0,797.5
2021-04-12,61038.0,59983.5,60837.5,60260.83,61324.0,59528.5,1054.5
2021-04-13,63684.5,61335.0,63000.0,62420.33,63761.5,59912.0,2349.5
2021-04-14,64263.5,62203.5,63000.0,63124.5,64943.5,61509.0,2060.0
2021-04-15,63356.5,62649.0,63199.5,63094.83,63846.0,62180.0,707.5
2021-04-16,63433.5,61222.5,62949.0,61706.83,63565.0,60242.5,2211.0
2021-04-17,62492.0,60726.0,62250.0,60769.17,62492.0,59750.0,1766.0
2021-04-18,56456.0,52995.5,55000.0,55671.83,60415.5,50500.0,3460.5
2021-04-19,56716.0,54505.5,54625.0,55780.33,57436.0,54279.0,2210.5
2021-04-20,55823.5,53608.0,55032.0,55599.83,57005.5,53382.5,2215.5
2021-04-21,56009.0,54656.5,55500.0,54735.67,56712.0,53673.5,1352.5
2021-04-22,55070.5,52759.5,54226.0,52603.0,55444.0,50580.0,2311.0
2021-04-23,50803.5,48702.0,49300.0,50280.17,52159.0,47581.0,2101.5
2021-04-24,50451.0,49329.0,50000.0,49978.67,51138.0,48742.5,1122.0
2021-04-25,50502.0,48839.0,49700.0,48848.83,50505.0,47019.0,1663.0
2021-04-26,54322.5,52222.0,53250.0,52355.83,54327.5,48723.0,2100.5
2021-04-27,55146.5,54333.0,55060.0,54556.17,55400.0,53275.0,813.5
2021-04-28,54994.0,54082.5,54600.0,55057.33,56457.0,53888.0,911.5
2021-04-29,54301.0,52387.0,53000.0,53691.0,55178.0,52387.0,1914.0
2021-04-30,57011.5,54199.5,56500.5,56202.67,57880.0,53050.0,2812.0
2021-05-01,58081.0,57466.0,58000.0,57787.17,58438.5,57093.5,615.0
2021-05-02,57069.5,56472.0,56650.0,56881.0,57933.5,56110.0,597.5
2021-05-03,58368.5,56844.5,58000.0,57578.83,58996.0,56541.0,1524.0
2021-05-04,56791.0,54343.5,55500.0,54520.33,57222.0,53087.0,2447.5
2021-05-05,57032.0,54084.5,54999.5,56092.0,57865.0,52930.0,2947.5
2021-05-06,57890.5,56230.0,57000.0,56694.17,58396.0,55323.5,1660.5
2021-05-07,58735.0,56314.5,57000.0,57142.33,58735.0,55311.0,2420.5
2021-05-08,59340.0,58241.5,59000.0,58473.0,59526.0,57000.0,1098.5
2021-05-09,58456.5,57025.5,58000.0,57963.17,59274.0,56375.0,1431.0
2021-05-10,57997.0,53426.0,55000.0,56269.5,59586.0,53421.5,4571.0
2021-05-11,55946.5,54572.5,55600.0,56013.0,56843.0,54512.0,1374.0
2021-05-12,56150.5,48603.0,55000.0,52048.83,57929.5,48600.0,7547.5
2021-05-13,50602.0,48121.0,49300.0,48917.67,51318.5,45719.0,2481.0
2021-05-14,51002.0,49555.0,50450.0,50074.17,51471.0,48901.0,1447.0
2021-05-15,49500.0,47653.0,47810.0,48032.33,50688.0,46609.0,1847.0
2021-05-16,49797.5,45581.0,48120.0,46700.67,49798.0,43890.0,4216.5
2021-05-17,45454.5,43191.0,45000.0,44105.17,46629.0,42143.5,2263.5
2021-05-18,45814.5,43244.5,45050.0,43678.67,45815.0,42317.5,2570.0
2021-05-19,38786.0,28801.5,31500.0,36375.5,43598.5,28801.0,9984.5
2021-05-20,42399.5,38483.5,40000.0,39283.5,42400.0,34950.0,3916.0
2021-05-21,39814.0,35050.0,37000.0,37615.5,42215.0,33404.0,4764.0
2021-05-22,38591.0,36955.0,38350.0,37152.17,38799.5,35220.0,1636.0
2021-05-23,34964.0,32020.0,34300.0,34652.17,38230.0,31068.5,2944.0
2021-05-24,39388.5,36334.5,37600.0,37696.67,39882.5,34390.5,3054.0
2021-05-25,39105.0,37437.0,38000.0,38204.83,39800.0,36466.5,1668.0
2021-05-26,39617.5,38003.5,39150.0,39310.33,40871.0,37823.0,1614.0
2021-05-27,39790.5,38012.5,39000.0,38687.83,40376.5,37176.0,1778.0
2021-05-28,37203.0,35517.0,36800.0,36407.5,38870.5,34702.0,1686.0
2021-05-29,35492.0,33781.0,34400.0,35195.67,37312.0,33662.0,1711.0
2021-05-30,36300.0,35199.5,35800.0,35156.0,36446.5,33360.0,1100.5
2021-05-31,37400.0,35455.5,36700.0,36293.33,37462.5,34176.5,1944.5
2021-06-01,36936.0,35949.0,36300.0,36704.0,37864.0,35600.0,987.0
2021-06-02,38163.5,37015.5,37300.0,37217.67,38198.0,35900.0,1148.0
2021-06-03,39136.0,38443.0,38600.0,38626.67,39440.0,37215.5,693.0
2021-06-04,37280.5,36150.5,36800.0,37236.67,39265.5,35601.0,1130.0
2021-06-05,36893.5,34824.0,35800.0,36066.17,37867.0,34824.0,2069.5
2021-06-06,36255.0,35782.0,35900.0,35827.83,36447.0,35235.5,473.0
2021-06-07,36783.5,35175.0,36150.0,34531.5,36784.0,33240.0,1608.5
2021-06-08,33253.0,31716.0,32800.0,32794.17,34050.0,30980.0,1537.0
2021-06-09,36162.5,32379.0,34100.0,35783.17,37556.0,32379.0,3783.5
2021-06-10,37436.0,36306.0,37000.0,36983.0,38440.5,35819.0,1130.0
2021-06-11,37458.0,36772.0,37200.0,36965.0,37656.5,35944.5,686.0
2021-06-12,35852.0,35137.0,35700.0,35855.67,37412.0,34630.0,715.0
2021-06-13,37355.0,34761.5,35800.0,37719.83,39372.0,34761.5,2593.5
2021-06-14,40223.0,38787.5,39200.0,40087.17,40995.0,38772.0,1435.5
2021-06-15,40471.0,39876.0,40000.0,40326.83,41300.0,39540.0,595.0
2021-06-16,39545.0,38228.5,38600.0,39012.67,40471.5,38173.5,1316.5
2021-06-17,39532.5,38308.5,39000.0,38343.17,39532.5,37400.0,1224.0
2021-06-18,38182.5,36419.5,37700.0,36401.33,38223.0,35159.0,1763.0
2021-06-19,36144.0,35515.0,35700.0,35584.33,36425.0,34800.0,629.0
2021-06-20,35417.5,33345.5,34100.0,35031.83,36149.0,33338.0,2072.0
2021-06-21,33296.0,31875.0,32600.0,32872.17,35737.5,31265.5,1421.0
2021-06-22,33233.5,30453.5,32500.0,31500.0,33246.0,28774.0,2780.0
2021-06-23,34247.0,33403.0,34000.0,33380.17,34794.5,31704.0,844.0
2021-06-24,34400.5,32509.5,33900.0,34095.67,35300.0,32330.5,1891.0
2021-06-25,34000.0,31314.0,32000.0,32782.0,35466.0,31300.0,2686.0
2021-06-26,31830.0,30704.0,31200.0,31683.5,32700.0,30101.0,1126.0
2021-06-27,33394.0,32633.0,33100.0,33805.83,34755.0,31972.0,761.0
2021-06-28,34700.0,34140.0,34400.0,34540.5,35223.0,33905.0,560.0
2021-06-29,36437.0,34981.5,36200.0,35577.17,36573.0,34240.0,1455.5
2021-06-30,35212.0,34468.0,34800.0,35047.17,36073.5,34050.0,744.0
2021-07-01,33694.0,33093.0,33500.0,33740.5,35021.5,32710.0,601.0
2021-07-02,33471.0,32868.0,32900.0,33457.5,33924.0,32695.0,603.0
2021-07-03,34855.0,34107.0,34600.0,34296.17,34900.0,33339.0,748.0
2021-07-04,35776.5,35202.5,35500.0,35201.0,35940.0,34370.0,574.0
2021-07-05,34349.0,33393.0,33600.0,34030.33,35293.0,33119.0,956.0
2021-07-06,34337.0,33737.0,33900.0,34257.83,35061.5,33512.0,600.0
2021-07-07,34926.0,34348.0,34750.0,34240.17,35036.0,33806.0,578.0
2021-07-08,33150.0,32259.0,32500.0,32960.17,33937.5,32089.0,891.0
2021-07-09,33456.0,32506.5,33000.0,33394.83,34084.0,32280.5,949.5
2021-07-10,33932.0,33424.0,33800.0,33580.33,34230.5,33010.0,508.0
2021-07-11,33985.0,33488.0,33600.0,34037.67,34540.0,33339.0,497.0
2021-07-12,34100.5,32700.5,33150.0,33477.5,34620.0,32700.0,1400.0
2021-07-13,33000.0,32307.0,32500.0,32748.5,33312.0,32213.5,693.0
2021-07-14,32687.0,31594.0,31850.0,32492.17,33082.5,31594.0,1093.0
2021-07-15,32450.0,31160.0,31700.0,32053.67,33145.5,31160.0,1290.0
2021-07-16,32052.0,31433.0,31950.0,31546.67,32200.0,31056.0,619.0
2021-07-17,31661.0,31264.0,31465.0,31531.5,31914.0,31171.5,397.0
2021-07-18,32084.0,31443.0,31700.0,31750.0,32380.0,31122.0,641.0
2021-07-19,31415.5,30494.5,30750.0,31025.5,31849.0,30412.0,921.0
2021-07-20,29897.0,29500.0,29700.0,30023.17,31032.0,29272.5,397.0
2021-07-21,32656.0,30840.0,31600.0,31479.33,32840.0,29509.0,1816.0
2021-07-22,32330.0,31902.0,32200.0,32183.0,32540.0,31725.5,428.0
2021-07-23,32690.0,32165.0,32400.0,33076.0,33600.0,32028.0,525.0
2021-07-24,33967.0,33508.0,33800.0,34024.33,34437.5,33411.5,459.0
2021-07-25,34552.0,33967.0,34500.0,34847.83,35366.0,33829.0,585.0
2021-07-26,39195.0,37204.5,38200.0,37654.83,40555.0,35174.5,1990.5
2021-07-27,38528.0,37020.0,38000.0,38441.17,39486.5,36396.5,1508.0
2021-07-28,40279.0,39437.0,39700.0,39862.67,40874.0,38719.0,842.0
2021-07-29,40074.0,39574.0,39900.0,39947.5,40602.0,39250.0,500.0
2021-07-30,40730.5,38305.0,38700.0,40938.17,42300.0,38305.0,2425.5
2021-07-31,41927.0,41396.0,41800.0,41627.67,42421.5,41016.0,531.0
2021-08-01,41951.0,40793.0,41700.0,40608.5,42600.0,39389.0,1158.0
2021-08-02,39903.0,39243.0,39700.0,39425.67,40450.0,38662.0,660.0
2021-08-03,38707.0,38004.0,38300.0,38527.17,39780.0,37593.0,703.0
2021-08-04,39258.0,37375.5,38100.0,39014.33,39952.0,37375.5,1882.5
2021-08-05,39594.5,37413.5,38000.0,39825.33,41346.5,37281.0,2181.0
2021-08-06,42415.5,39879.0,40300.0,42050.33,43481.5,39870.0,2536.5
2021-08-07,43922.0,43034.0,43600.0,43907.5,44784.0,42360.0,888.0
2021-08-08,44871.0,43865.0,44700.0,44137.83,45319.5,43288.0,1006.0
2021-08-09,46464.5,44472.5,45800.0,45174.33,46465.0,42800.0,1992.0
2021-08-10,46055.0,45344.0,45500.0,45661.67,46737.5,44667.0,711.0
2021-08-11,46552.0,45793.0,46300.0,45865.5,46728.5,45348.0,759.0
2021-08-12,45305.0,43964.0,44300.0,44813.33,46220.0,43810.0,1341.0
2021-08-13,46844.5,44931.5,46300.0,46655.33,47956.0,44220.0,1913.0
2021-08-14,48003.5,46679.0,47681.5,47127.5,48280.5,46022.0,1324.5
2021-08-15,46675.0,45644.0,46000.0,46630.0,47382.0,45510.0,1031.0
2021-08-16,48015.0,46386.5,47600.0,46669.83,48341.0,45713.0,1628.5
2021-08-17,46790.0,45284.5,45900.0,45482.0,47300.0,44420.0,1505.5
2021-08-18,45435.0,44740.0,44900.0,45010.0,46000.0,44300.0,695.0
2021-08-19,45694.5,44068.5,44300.0,45937.67,47075.0,44000.0,1626.0
2021-08-20,49016.0,47082.5,48700.0,48472.17,49479.5,46638.5,1933.5
2021-08-21,49337.0,48651.0,48900.0,48950.17,49800.0,48250.0,686.0
2021-08-22,49252.0,48500.0,48800.0,48914.33,49520.0,47974.5,752.0
2021-08-23,50125.0,49222.0,49800.0,49695.17,50490.0,49060.5,903.0
2021-08-24,49289.0,47807.5,48000.0,48404.67,49840.0,47627.0,1481.5
2021-08-25,48505.0,47265.0,47900.0,48465.17,49230.0,47200.0,1240.0
2021-08-26,47383.0,46625.0,47000.0,47502.17,49338.5,46300.0,758.0
2021-08-27,48145.0,46591.5,47300.0,48197.0,49144.0,46400.0,1553.5
2021-08-28,49085.0,48700.0,49000.0,48859.0,49275.5,48411.0,385.0
2021-08-29,49000.0,48189.0,48500.0,48749.17,49710.5,47789.5,811.0
2021-08-30,48417.0,47570.0,48000.0,47599.0,48862.0,46908.0,847.0
2021-08-31,47731.0,46909.0,47400.0,47364.33,48233.0,46680.0,822.0
2021-10-01,48439.5,44909.5,47300.0,46601.83,48440.0,43273.0,3530.0
2021-10-02,48009.0,47617.0,47700.0,47801.33,48315.0,47439.0,392.0
2021-10-03,48560.0,47424.0,48000.0,48210.17,49357.0,47098.0,1136.0
2021-10-04,48715.0,47269.0,47800.0,48526.33,49500.0,46902.5,1446.0
2021-10-05,50574.0,49043.0,49800.0,50789.0,51908.0,48988.5,1531.0
2021-10-06,54551.0,50339.5,51300.0,54030.0,56413.0,50339.5,4211.5
2021-10-07,54666.0,53725.0,54300.0,54171.0,55338.0,53357.0,941.0
2021-10-08,55027.5,53753.5,53900.0,54614.67,56250.0,53630.0,1274.0
2021-10-09,55213.0,54564.0,55000.0,54745.0,55550.0,53717.0,649.0
2021-10-10,55623.0,54597.0,55000.0,55175.17,56666.0,54135.0,1026.0
2021-10-11,57394.0,56064.5,56500.0,56621.5,57881.0,54496.0,1329.5
2021-10-12,57557.0,56044.0,56900.0,55846.5,57833.5,53700.0,1513.0
2021-10-13,56501.0,54381.5,54800.0,56478.17,57799.5,54265.5,2119.5
2021-10-14,57942.0,57154.0,57600.0,57585.17,58653.0,56747.0,788.0
2021-10-15,61484.0,58337.0,60000.0,60814.83,63801.0,56900.0,3147.0
2021-10-16,61664.0,60492.5,61000.0,61182.83,62419.5,60217.0,1171.5
2021-10-17,61565.0,60569.0,60800.0,60689.83,61722.0,58803.5,996.0
2021-10-18,62507.5,61336.0,62000.0,61573.17,62769.0,59917.0,1171.5
2021-10-19,63280.0,61720.0,62500.0,63370.67,64480.0,61367.5,1560.0
2021-10-20,67209.5,64361.5,65800.0,65588.67,67210.0,63501.0,2848.0
2021-10-21,66581.5,63271.0,65000.0,63617.33,66726.0,61880.0,3310.5
2021-10-22,62881.0,60145.5,61000.0,61544.67,63774.0,60100.0,2735.5
2021-10-23,61562.0,60847.0,61000.0,60930.33,61809.0,59625.0,715.0
2021-10-24,60937.0,59840.0,60500.0,60626.17,61521.0,59456.0,1097.0
2021-10-25,63606.0,62608.5,63000.0,62522.33,63750.5,60708.5,997.5
2021-10-26,63167.5,61870.0,62400.0,61166.67,63301.5,59888.0,1297.5
2021-10-27,59512.5,58249.0,59000.0,59307.0,61520.0,57919.5,1263.5
2021-10-28,62105.0,59346.0,60500.0,60273.0,62664.5,57476.0,2759.0
2021-10-29,62150.0,60412.0,61100.0,61799.83,62988.5,60111.0,1738.0
2021-10-30,61892.0,61270.0,61600.0,61660.33,62386.5,60700.0,622.0
2021-10-31,61722.0,60471.0,61500.0,61246.0,62400.0,60000.0,1251.0
2021-11-01,62433.5,60719.5,61600.0,60976.67,62536.5,59444.0,1714.0
2021-11-02,64180.0,62382.0,63200.0,62727.83,64258.5,60667.0,1798.0
2021-11-03,63422.0,62250.0,63000.0,62212.83,63600.0,60077.0,1172.0
2021-11-04,62764.5,61290.5,62430.0,61729.5,63120.0,60628.0,1474.0
2021-11-05,61915.0,60828.0,61000.0,61484.17,62643.5,60764.0,1087.0
2021-11-06,61184.5,60290.5,60700.0,61063.33,61600.0,60150.0,894.0
2021-11-07,62377.5,61655.0,62000.0,62647.33,63300.0,61378.0,722.5
2021-11-08,66516.5,65110.0,66000.0,66289.0,68000.0,63263.5,1406.5
2021-11-09,68403.0,67180.0,68000.0,67275.5,68600.0,66250.0,1223.0
2021-11-10,67490.5,63815.5,66500.0,65514.83,69138.5,62512.5,3675.0
2021-11-11,65110.0,64449.0,64800.0,64850.67,65594.0,64127.0,661.0
2021-11-12,64965.0,63500.0,64000.0,63985.33,65465.0,62350.0,1465.0
2021-11-13,64463.0,63569.0,64200.0,64325.0,65142.5,63409.5,894.0
2021-11-14,64976.0,64099.5,64700.0,64903.17,65530.0,63650.0,876.5
2021-11-15,66308.0,64299.5,65800.0,64469.17,66383.0,63333.0,2008.5
2021-11-16,61506.5,59477.0,60500.0,60767.5,63691.5,58500.0,2029.5
2021-11-17,60450.0,59315.0,59900.0,59883.67,60930.5,58350.0,1135.0
2021-11-18,59311.5,56484.0,58100.0,58170.83,61097.0,56483.0,2827.5
2021-11-19,57618.0,55666.0,57000.0,57356.17,58307.5,55665.5,1952.0
2021-11-20,59046.0,57649.0,58500.0,58962.0,59863.5,57291.5,1397.0
2021-11-21,59389.0,58658.0,59000.0,59068.83,60047.5,58532.0,731.0
2021-11-22,58509.5,56487.0,57400.0,57194.67,59692.0,55614.0,2022.5
2021-11-23,57421.0,56114.0,56750.0,56929.5,57902.0,55300.0,1307.0
2021-11-24,57088.0,56254.0,56500.0,56950.83,57732.0,55935.0,834.0
2021-11-25,59256.0,57749.5,59000.0,58473.0,59440.5,57041.5,1506.5
2021-11-26,55528.0,53647.0,54300.0,55504.5,59150.0,53563.0,1881.0
2021-11-27,55014.0,54297.0,54400.0,54587.17,55298.5,53684.5,717.0
2021-11-28,55674.0,53396.0,54300.0,55952.17,57435.5,53122.0,2278.0
2021-11-29,57945.0,56868.0,57300.0,57781.0,58871.5,56686.5,1077.0
2021-11-30,57884.0,56264.5,57100.0,57354.0,59200.0,55900.0,1619.5
2021-12-10,48644.0,47472.0,48500.0,48026.83,50149.5,46750.0,1172.0
2021-12-11,48840.0,47985.0,48500.0,48530.67,49489.0,46750.0,855.0
2021-12-12,49952.0,48692.5,49500.0,49825.17,50790.0,48606.0,1259.5
2021-12-13,49465.0,46967.5,48800.0,47440.5,50167.0,45502.0,2497.5
2021-12-14,47394.0,46522.0,47000.0,47811.33,48826.5,46251.5,872.0
2021-12-15,49217.0,47576.0,48200.0,48305.17,49504.5,46543.5,1641.0
2021-12-16,49205.0,48226.0,48700.0,48212.0,49450.0,47525.0,979.0
2021-12-17,47280.0,46090.0,47000.0,46470.83,47982.5,45280.0,1190.0
2021-12-18,47022.0,46173.0,47000.0,46552.5,47321.5,45500.0,849.0
2021-12-19,47728.0,46790.0,47000.0,47170.17,48390.0,46421.0,938.0
2021-12-20,46781.0,45823.0,46300.0,46620.17,47499.0,45479.5,958.0
2021-12-21,49061.0,48348.0,48700.0,48287.67,49318.0,46658.5,713.0
2021-12-22,49115.0,48539.0,48900.0,48871.5,49586.0,48418.0,576.0
2021-12-23,50343.5,48030.0,48350.0,50085.17,51431.5,48030.0,2313.5
2021-12-24,51241.0,50757.0,51100.0,51055.67,51980.0,50402.0,484.0
2021-12-25,50976.0,50598.0,50700.0,50551.67,51149.0,50100.0,378.0
2021-12-26,50324.0,49645.0,50100.0,50446.67,51294.0,49283.0,679.0
2021-12-27,51399.5,50567.0,51000.0,51096.67,52119.0,50464.5,832.5
2021-12-28,49483.5,47651.0,49000.0,48519.33,50707.0,47312.0,1832.5
2021-12-29,48030.0,47012.0,47800.0,46798.17,48137.0,45807.5,1018.0
2021-12-30,47681.0,46726.0,47500.0,46972.67,47920.5,45887.0,955.0
2021-12-31,48513.0,46889.5,48000.0,46796.17,48554.0,45634.0,1623.5
