timestamp,openInterest,change_oi
2024-08-25 18:05:00,59581.03,
2024-08-25 18:10:00,59587.643,6.613
2024-08-25 18:15:00,59578.64,-9.003
2024-08-25 18:20:00,59562.838,-15.802
2024-08-25 18:25:00,59574.561,11.723
2024-08-25 18:30:00,59652.757,78.196
2024-08-25 18:35:00,59616.94,-35.817
2024-08-25 18:40:00,59623.44,6.5
2024-08-25 18:45:00,59551.055,-72.385
2024-08-25 18:50:00,59590.078,39.023
2024-08-25 18:55:00,59430.036,-160.042
2024-08-25 19:00:00,59424.909,-5.127
2024-08-25 19:05:00,59421.912,-2.997
2024-08-25 19:10:00,59442.396,20.484
2024-08-25 19:15:00,59437.714,-4.682
2024-08-25 19:20:00,59461.02,23.306
2024-08-25 19:25:00,59468.21,7.19
2024-08-25 19:30:00,59486.731,18.521
2024-08-25 19:35:00,59490.014,3.283
2024-08-25 19:40:00,59467.025,-22.989
2024-08-25 19:45:00,59462.955,-4.07
2024-08-25 19:50:00,59441.108,-21.847
2024-08-25 19:55:00,59430.865,-10.243
2024-08-25 20:00:00,59434.807,3.942
2024-08-25 20:05:00,59445.513,10.706
2024-08-25 20:10:00,59416.429,-29.084
2024-08-25 20:15:00,59383.087,-33.342
2024-08-25 20:20:00,59404.456,21.369
2024-08-25 20:25:00,59431.29,26.834
2024-08-25 20:30:00,59439.646,8.356
2024-08-25 20:35:00,59449.267,9.621
2024-08-25 20:40:00,59447.897,-1.37
2024-08-25 20:45:00,59453.462,5.565
2024-08-25 20:50:00,59496.001,42.539
2024-08-25 20:55:00,59500.475,4.474
2024-08-25 21:00:00,59462.178,-38.297
2024-08-25 21:05:00,59458.872,-3.306
2024-08-25 21:10:00,59426.77,-32.102
2024-08-25 21:15:00,59424.139,-2.631
2024-08-25 21:20:00,59372.544,-51.595
2024-08-25 21:25:00,59231.629,-140.915
2024-08-25 21:30:00,59291.076,59.447
2024-08-25 21:35:00,59278.573,-12.503
2024-08-25 21:40:00,59284.398,5.825
2024-08-25 21:45:00,59288.061,3.663
2024-08-25 21:50:00,59276.086,-11.975
2024-08-25 21:55:00,59318.641,42.555
2024-08-25 22:00:00,59341.603,22.962
2024-08-25 22:05:00,59392.967,51.364
2024-08-25 22:10:00,59410.778,17.811
2024-08-25 22:15:00,59466.91,56.132
2024-08-25 22:20:00,59619.571,152.661
2024-08-25 22:25:00,59581.073,-38.498
2024-08-25 22:30:00,59559.045,-22.028
2024-08-25 22:35:00,59698.127,139.082
2024-08-25 22:40:00,59721.749,23.622
2024-08-25 22:45:00,59699.569,-22.18
2024-08-25 22:50:00,59705.177,5.608
2024-08-25 22:55:00,59704.268,-0.909
2024-08-25 23:00:00,59687.697,-16.571
2024-08-25 23:05:00,59651.714,-35.983
2024-08-25 23:10:00,59684.105,32.391
2024-08-25 23:15:00,59829.714,145.609
2024-08-25 23:20:00,59813.141,-16.573
2024-08-25 23:25:00,59813.032,-0.109
2024-08-25 23:30:00,59054.642,-758.39
2024-08-25 23:35:00,59172.851,118.209
2024-08-25 23:40:00,59118.954,-53.897
2024-08-25 23:45:00,59167.216,48.262
2024-08-25 23:50:00,59030.291,-136.925
2024-08-25 23:55:00,59077.043,46.752
2024-08-26 00:00:00,59817.632,740.589
2024-08-26 00:05:00,59683.823,-133.809
2024-08-26 00:10:00,59628.365,-55.458
2024-08-26 00:15:00,59614.239,-14.126
2024-08-26 00:20:00,59588.797,-25.442
2024-08-26 00:25:00,59585.236,-3.561
2024-08-26 00:30:00,59576.408,-8.828
2024-08-26 00:35:00,59556.09,-20.318
2024-08-26 00:40:00,59623.406,67.316
2024-08-26 00:45:00,59673.676,50.27
2024-08-26 00:50:00,59743.219,69.543
2024-08-26 00:55:00,59327.118,-416.101
2024-08-26 01:00:00,59330.926,3.808
2024-08-26 01:05:00,59372.792,41.866
2024-08-26 01:10:00,59369.144,-3.648
2024-08-26 01:15:00,59324.686,-44.458
2024-08-26 01:20:00,59343.938,19.252
2024-08-26 01:25:00,59380.331,36.393
2024-08-26 01:30:00,59386.114,5.783
2024-08-26 01:35:00,59401.038,14.924
2024-08-26 01:40:00,59414.692,13.654
2024-08-26 01:45:00,59443.748,29.056
2024-08-26 01:50:00,59478.845,35.097
2024-08-26 01:55:00,60082.342,603.497
2024-08-26 02:00:00,60071.675,-10.667
2024-08-26 02:05:00,60082.383,10.708
2024-08-26 02:10:00,60132.651,50.268
2024-08-26 02:15:00,60130.298,-2.353
2024-08-26 02:20:00,60153.389,23.091
2024-08-26 02:25:00,60045.032,-108.357
2024-08-26 02:30:00,60030.739,-14.293
2024-08-26 02:35:00,60027.608,-3.131
2024-08-26 02:40:00,60022.368,-5.24
2024-08-26 02:45:00,60043.536,21.168
2024-08-26 02:50:00,60067.276,23.74
2024-08-26 02:55:00,60050.768,-16.508
2024-08-26 03:00:00,60063.574,12.806
2024-08-26 03:05:00,60056.05,-7.524
2024-08-26 03:10:00,59988.069,-67.981
2024-08-26 03:15:00,60055.808,67.739
2024-08-26 03:20:00,60091.011,35.203
2024-08-26 03:25:00,60133.518,42.507
2024-08-26 03:30:00,60130.5,-3.018
2024-08-26 03:35:00,60131.87,1.37
2024-08-26 03:40:00,60111.854,-20.016
2024-08-26 03:45:00,60118.206,6.352
2024-08-26 03:50:00,60161.561,43.355
2024-08-26 03:55:00,60159.167,-2.394
2024-08-26 04:00:00,60137.051,-22.116
2024-08-26 04:05:00,60124.859,-12.192
2024-08-26 04:10:00,60147.568,22.709
2024-08-26 04:15:00,60116.473,-31.095
2024-08-26 04:20:00,60101.725,-14.748
2024-08-26 04:25:00,60102.979,1.254
2024-08-26 04:30:00,60105.826,2.847
2024-08-26 04:35:00,60152.926,47.1
2024-08-26 04:40:00,60132.29,-20.636
2024-08-26 04:45:00,60081.886,-50.404
2024-08-26 04:50:00,60025.617,-56.269
2024-08-26 04:55:00,60024.487,-1.13
2024-08-26 05:00:00,59979.516,-44.971
2024-08-26 05:05:00,60006.984,27.468
2024-08-26 05:10:00,60039.984,33.0
2024-08-26 05:15:00,60043.651,3.667
2024-08-26 05:20:00,60003.854,-39.797
2024-08-26 05:25:00,60007.133,3.279
2024-08-26 05:30:00,60014.234,7.101
2024-08-26 05:35:00,60049.434,35.2
2024-08-26 05:40:00,60077.758,28.324
2024-08-26 05:45:00,60097.18,19.422
2024-08-26 05:50:00,60119.975,22.795
2024-08-26 05:55:00,60100.393,-19.582
2024-08-26 06:00:00,60113.045,12.652
2024-08-26 06:05:00,60158.554,45.509
2024-08-26 06:10:00,60210.474,51.92
2024-08-26 06:15:00,60246.544,36.07
2024-08-26 06:20:00,60250.713,4.169
2024-08-26 06:25:00,60271.204,20.491
2024-08-26 06:30:00,60238.826,-32.378
2024-08-26 06:35:00,60195.869,-42.957
2024-08-26 06:40:00,60400.007,204.138
2024-08-26 06:45:00,60217.658,-182.349
2024-08-26 06:50:00,60427.817,210.159
2024-08-26 06:55:00,60519.646,91.829
2024-08-26 07:00:00,60468.232,-51.414
2024-08-26 07:05:00,60523.041,54.809
2024-08-26 07:10:00,60586.661,63.62
2024-08-26 07:15:00,60622.898,36.237
2024-08-26 07:20:00,60694.853,71.955
2024-08-26 07:25:00,60706.515,11.662
2024-08-26 07:30:00,60731.999,25.484
2024-08-26 07:35:00,60737.87,5.871
2024-08-26 07:40:00,60759.048,21.178
2024-08-26 07:45:00,60746.173,-12.875
2024-08-26 07:50:00,60793.991,47.818
2024-08-26 07:55:00,60872.316,78.325
2024-08-26 08:00:00,60893.175,20.859
2024-08-26 08:05:00,60869.24,-23.935
2024-08-26 08:10:00,60910.736,41.496
2024-08-26 08:15:00,60931.447,20.711
2024-08-26 08:20:00,60954.479,23.032
2024-08-26 08:25:00,61007.191,52.712
2024-08-26 08:30:00,61001.758,-5.433
2024-08-26 08:35:00,61016.899,15.141
2024-08-26 08:40:00,60972.522,-44.377
2024-08-26 08:45:00,60993.988,21.466
2024-08-26 08:50:00,61029.508,35.52
2024-08-26 08:55:00,61051.238,21.73
2024-08-26 09:00:00,61056.466,5.228
2024-08-26 09:05:00,61086.08,29.614
2024-08-26 09:10:00,61082.873,-3.207
2024-08-26 09:15:00,61077.404,-5.469
2024-08-26 09:20:00,61003.186,-74.218
2024-08-26 09:25:00,61034.13,30.944
2024-08-26 09:30:00,60888.566,-145.564
2024-08-26 09:35:00,60144.83,-743.736
2024-08-26 09:40:00,60385.823,240.993
2024-08-26 09:45:00,60480.223,94.4
2024-08-26 09:50:00,60622.721,142.498
2024-08-26 09:55:00,60710.757,88.036
2024-08-26 10:00:00,60818.884,108.127
2024-08-26 10:05:00,60795.765,-23.119
2024-08-26 10:10:00,60887.66,91.895
2024-08-26 10:15:00,60973.175,85.515
2024-08-26 10:20:00,60975.436,2.261
2024-08-26 10:25:00,61028.636,53.2
2024-08-26 10:30:00,61050.625,21.989
2024-08-26 10:35:00,61007.14,-43.485
2024-08-26 10:40:00,61007.91,0.77
